InvoiceNo,CustomerID,InvoiceDate,Quantity,UnitPrice,Country,Product,TotalAmount
221958,82460,2023-12-30,4,1032.9366555094275,UK,T-shirt,4131.74662203771
771155,37208,2023-04-28,6,1112.5192877573172,India,T-shirt,6675.115726543903
231932,95150,2023-08-21,2,602.8390210283318,UK,T-shirt,1205.6780420566636
465838,76024,2023-07-18,5,1899.429053305911,India,T-shirt,9497.145266529555
359178,49882,2023-07-25,6,1692.8050083293715,USA,Watch,10156.83004997623
744167,35923,2023-12-05,5,1458.628339883957,UK,Watch,7293.141699419785
210268,39165,2023-05-27,2,202.0880394983477,UK,Bags,404.1760789966954
832180,77203,2023-09-28,7,256.9535376525879,India,T-shirt,1798.6747635681154
154886,14114,2023-05-19,4,1010.9236244366637,India,Perfume,4043.6944977466546
237337,74965,2023-06-30,8,363.3910309224221,India,Shoes,2907.1282473793767
621430,46321,2023-01-30,7,1957.6176538824745,India,Bags,13703.323577177322
187498,83297,2023-02-26,7,359.1144563534484,UK,Shoes,2513.801194474139
999159,35426,2023-08-20,9,1000.5622791547493,India,Shoes,9005.060512392743
275203,27772,2023-05-26,1,760.0360608409355,UK,T-shirt,760.0360608409355
291335,13712,2023-02-17,6,1296.803521835491,UAE,Perfume,7780.821131012946
378167,11367,2023-07-13,6,301.62099733437856,UK,Shoes,1809.7259840062713
141090,61924,2023-08-12,6,889.1170346826623,India,Shoes,5334.702208095974
429365,13726,2023-05-16,6,585.6748139739301,India,Bags,3514.0488838435804
164820,99152,2023-01-22,7,1781.1154731097918,UAE,Perfume,12467.808311768542
887201,37723,2023-01-06,6,129.1421386626554,UK,Perfume,774.8528319759325
421879,19108,2023-07-23,1,1831.7686133125956,UAE,Shoes,1831.7686133125956
818315,87714,2023-08-27,3,1674.338570178351,UK,Perfume,5023.015710535053
427069,45643,2023-07-04,2,630.2628970595902,India,Bags,1260.5257941191803
876997,41324,2023-12-26,6,1589.1167766203541,UK,Bags,9534.700659722124
299041,93360,2023-10-19,8,110.86644266055774,India,Bags,886.9315412844619
891743,18927,2023-12-01,3,1935.3878230721175,India,T-shirt,5806.1634692163525
203355,32443,2023-08-08,8,1076.8601380500893,USA,Shoes,8614.881104400714
335796,89973,2023-04-26,8,641.3980008276183,USA,Perfume,5131.184006620946
314176,73449,2023-11-09,5,757.0372645596203,UK,Bags,3785.1863227981016
284779,86743,2023-02-18,8,179.49043924796985,India,Shoes,1435.9235139837588
447449,70233,2023-06-22,6,1979.2315523819764,UAE,Shoes,11875.389314291859
521909,35537,2023-03-23,5,126.61929304385028,India,T-shirt,633.0964652192514
358795,87576,2023-11-18,9,1327.068890138325,UAE,Perfume,11943.620011244926
586232,32612,2023-11-29,7,913.3350590275937,UK,Perfume,6393.345413193156
600186,16471,2023-02-14,8,1900.3866254679945,UK,Bags,15203.093003743956
256730,45631,2023-12-01,1,529.6994935982506,UAE,Bags,529.6994935982506
970910,41348,2023-01-20,2,1087.569306679122,UAE,Shoes,2175.138613358244
484681,74732,2023-08-09,8,990.5946067363683,India,Perfume,7924.756853890946
249503,11177,2023-05-03,9,1420.5895658976976,UK,Perfume,12785.306093079278
754811,14760,2023-08-22,4,182.61995230722,India,Bags,730.47980922888
627035,42779,2023-08-09,9,427.888803545542,UAE,Watch,3850.999231909878
748143,31636,2023-11-19,4,468.4013991810572,USA,Shoes,1873.6055967242287
552366,91889,2023-12-05,9,1489.393971941295,USA,Perfume,13404.545747471655
165725,63551,2023-01-03,7,418.8204578371431,USA,T-shirt,2931.7432048600017
229981,21556,2023-07-01,2,1168.3089395874044,UAE,T-shirt,2336.617879174809
184654,37598,2023-07-25,9,469.7254499768597,India,Watch,4227.529049791738
691723,21563,2023-11-16,4,1730.168652663758,UK,Bags,6920.674610655032
419030,56819,2023-02-09,8,1887.2616362547951,UAE,Bags,15098.093090038361
428947,83770,2023-02-28,7,1061.061301137369,USA,Bags,7427.429107961582
655839,36966,2023-03-03,7,737.0023242078977,India,T-shirt,5159.016269455284
373538,91709,2023-05-12,8,506.4126612841233,UK,Bags,4051.3012902729865
431236,69889,2023-03-01,1,147.07295296993533,UK,T-shirt,147.07295296993533
628178,36987,2023-11-27,5,573.575148585116,UAE,Watch,2867.87574292558
665894,88714,2023-05-02,2,1325.75977089337,UAE,Shoes,2651.51954178674
589492,68348,2023-04-17,2,1090.553016052961,UK,Perfume,2181.106032105922
356840,34596,2023-04-06,1,1890.8804926478085,UK,Watch,1890.8804926478085
573254,43174,2023-12-13,5,822.7406618588161,USA,T-shirt,4113.70330929408
449457,74106,2023-08-23,2,1403.0335175403693,UK,Watch,2806.0670350807386
765987,79967,2023-03-03,4,1004.1793575764867,UAE,Perfume,4016.717430305947
370936,69182,2023-09-13,3,1049.5236210522128,India,Shoes,3148.5708631566386
339931,97163,2023-02-18,3,572.1599134780291,USA,Perfume,1716.4797404340875
339629,49310,2023-12-14,2,937.1540148418994,USA,T-shirt,1874.3080296837988
305041,66088,2023-06-08,6,968.0307441747792,UK,Perfume,5808.1844650486755
798361,18906,2023-05-04,2,1427.9529174104212,India,Watch,2855.9058348208423
831912,46914,2023-11-13,8,1884.247998412922,USA,Bags,15073.983987303376
517113,55379,2023-07-26,8,692.1764910908834,UAE,Watch,5537.411928727067
168148,88612,2023-02-17,5,132.29091373353197,UK,T-shirt,661.4545686676598
877089,47650,2023-05-16,7,1017.7754947262474,UAE,Shoes,7124.428463083732
748531,56881,2023-07-20,4,1111.6995976908788,UK,Perfume,4446.798390763515
351995,56413,2023-09-07,1,378.4590747072347,USA,Shoes,378.4590747072347
778843,16012,2023-11-10,2,1532.9059822383301,UK,T-shirt,3065.8119644766603
672843,60115,2023-12-23,4,1970.6117614609086,India,Perfume,7882.447045843634
356508,17151,2023-11-14,1,1894.2606981664987,UAE,Watch,1894.2606981664987
903591,67716,2023-10-22,8,434.35677570612177,India,Watch,3474.854205648974
996942,46378,2023-11-10,9,1756.9583178064834,UAE,T-shirt,15812.624860258351
206530,52652,2023-07-28,4,1423.7625910027853,UAE,Perfume,5695.050364011141
704365,82430,2023-12-21,3,935.0007994234776,UK,Watch,2805.002398270433
922352,23467,2023-07-30,2,1104.1914389332217,USA,T-shirt,2208.3828778664433
560337,41010,2023-07-11,5,1706.7203412157933,USA,T-shirt,8533.601706078967
824839,64691,2023-02-13,3,986.2631322948276,India,Shoes,2958.789396884483
905889,74157,2023-01-29,7,777.7543697549974,UK,Watch,5444.280588284982
559773,22289,2023-02-28,6,1011.8326114006724,USA,Perfume,6070.995668404034
308261,54976,2023-03-12,1,1179.3031178683457,UAE,Watch,1179.3031178683457
864469,53596,2023-04-02,8,418.70142486778025,UAE,Watch,3349.611398942242
441097,33171,2023-09-22,2,1806.770074020632,UK,Watch,3613.540148041264
415139,96365,2023-08-08,5,1364.6645502177469,India,T-shirt,6823.322751088735
271829,54139,2023-08-03,9,1284.8743888081033,UK,Bags,11563.869499272929
371836,58713,2023-10-04,8,244.01764105224436,India,Bags,1952.1411284179549
538974,39734,2023-03-05,2,1228.139179436554,UK,Shoes,2456.278358873108
302283,82588,2023-12-12,9,285.87329136506,UAE,Watch,2572.8596222855404
296769,73646,2023-10-19,5,203.46046663102814,UK,Bags,1017.3023331551407
661353,13654,2023-09-02,6,1078.256246502667,USA,Shoes,6469.537479016002
323165,99022,2023-03-03,3,835.4317913906652,USA,T-shirt,2506.2953741719957
723587,28743,2023-11-28,3,1198.1800268046352,UK,Watch,3594.5400804139053
635822,58368,2023-06-19,8,223.98322771161526,India,Perfume,1791.865821692922
587879,84172,2023-09-26,2,890.4169725521539,India,T-shirt,1780.8339451043078
664685,16441,2023-09-24,2,390.83409433805804,UAE,Shoes,781.6681886761161
882038,34611,2023-02-23,5,1974.8451675520273,UAE,T-shirt,9874.225837760136
453531,22149,2023-01-16,6,1144.24291424859,India,Perfume,6865.457485491541
363160,69189,2023-01-08,2,1390.5018788346913,UK,T-shirt,2781.0037576693826
679879,31675,2023-04-14,5,684.5656473310852,UAE,Shoes,3422.828236655426
320884,81031,2023-02-28,7,234.7408838197211,India,Perfume,1643.1861867380476
123247,52668,2023-11-09,8,1952.9481824278964,India,Perfume,15623.585459423171
124300,23673,2023-02-09,7,608.2051189972073,UK,T-shirt,4257.435832980451
567281,86666,2023-08-25,8,876.4259610884698,USA,Perfume,7011.407688707758
707086,98204,2023-04-04,9,1317.2346473200212,India,T-shirt,11855.11182588019
633556,90758,2023-08-10,5,98.15973048791702,UAE,Watch,490.7986524395851
448951,75429,2023-07-23,5,1630.0053045087095,UK,Perfume,8150.026522543548
374329,33669,2023-05-18,4,1096.3274705558094,UK,T-shirt,4385.309882223238
819064,44068,2023-10-27,9,592.5235147842031,UK,Watch,5332.711633057828
842139,98789,2023-07-26,5,170.13557132031502,USA,Perfume,850.6778566015751
532315,19435,2023-12-02,2,366.8719101751608,USA,Watch,733.7438203503216
616588,62249,2023-03-22,8,1795.316024764202,UAE,Perfume,14362.528198113616
336584,47384,2023-08-06,7,1387.7472366749876,UAE,Shoes,9714.230656724912
662332,91929,2023-01-02,8,537.3083571919352,UK,Shoes,4298.466857535482
937646,86153,2023-06-27,3,177.9214916428076,UAE,T-shirt,533.7644749284228
476896,85388,2023-12-12,4,1396.699859153941,India,Bags,5586.799436615764
148984,41401,2023-10-06,5,1166.195065637142,USA,Shoes,5830.97532818571
402918,81831,2023-05-26,6,838.8130726935583,UK,Bags,5032.87843616135
364712,44084,2023-11-14,1,759.0423259206244,UK,Watch,759.0423259206244
220151,65826,2023-08-12,4,472.7878380617612,India,Watch,1891.1513522470448
555808,46451,2023-03-03,5,1355.7419502481594,India,Bags,6778.709751240796
233767,17227,2023-10-21,7,1942.8026541980475,India,T-shirt,13599.618579386333
748663,41910,2023-08-27,5,392.6447293818104,India,Perfume,1963.2236469090521
803550,46041,2023-07-14,1,1214.3774090302315,UK,Bags,1214.3774090302315
236330,98920,2023-06-15,7,877.1608587046536,USA,Bags,6140.126010932575
580754,75681,2023-08-10,8,921.0430074020966,USA,Bags,7368.344059216773
401648,91571,2023-03-02,7,545.5871962492381,India,Bags,3819.1103737446665
788519,75481,2023-05-09,4,1659.0130075397672,UAE,Bags,6636.052030159069
113986,78576,2023-06-22,8,996.2484280871201,UK,T-shirt,7969.987424696961
686146,74174,2023-06-05,5,1109.641411786615,USA,Shoes,5548.207058933075
229312,36160,2023-04-20,9,644.2837799547852,India,Perfume,5798.554019593067
112666,27633,2023-09-26,5,404.526508050552,UAE,Shoes,2022.63254025276
400804,27014,2023-12-22,1,217.52525699549994,UAE,Bags,217.52525699549994
234633,90532,2023-10-05,9,1442.532324803586,India,Shoes,12982.790923232275
388998,59104,2023-03-15,5,432.65684929131845,UK,T-shirt,2163.2842464565924
950937,51621,2023-07-26,6,1395.6469406681556,USA,Watch,8373.881644008934
728776,87231,2023-10-06,4,811.23406979156,UAE,Shoes,3244.93627916624
807611,78388,2023-11-22,6,860.7608619298204,USA,Perfume,5164.565171578923
384806,26014,2023-12-06,8,964.8961173809048,USA,T-shirt,7719.168939047238
894824,43755,2023-12-23,3,767.0315908487092,UAE,Watch,2301.094772546128
130535,50390,2023-12-06,5,246.20895558405067,India,T-shirt,1231.0447779202534
475713,33711,2023-07-23,2,653.7820295055493,UAE,Bags,1307.5640590110986
938688,67993,2023-06-10,2,1344.28200335318,UAE,Watch,2688.56400670636
451279,84696,2023-01-28,7,1348.2795828642984,UK,Perfume,9437.957080050088
921654,37213,2023-09-14,6,608.137399117989,USA,Watch,3648.8243947079345
701661,67784,2023-06-14,4,947.2001217874915,India,Perfume,3788.800487149966
747972,17421,2023-03-04,5,427.22209462327805,USA,Bags,2136.1104731163905
589570,96936,2023-01-22,1,460.2255589831798,UAE,Perfume,460.2255589831798
556551,27727,2023-03-11,7,94.94182239288445,India,T-shirt,664.5927567501911
373109,14358,2023-04-06,8,1798.655772320102,India,Shoes,14389.246178560816
124538,75108,2023-06-12,9,460.8779968960671,India,T-shirt,4147.901972064604
994498,42117,2023-03-20,8,493.69106002610346,India,T-shirt,3949.5284802088277
301664,98700,2023-01-05,5,595.222793658007,UK,Watch,2976.1139682900352
591234,41910,2023-11-12,3,298.4457398060865,India,Bags,895.3372194182596
999684,65754,2023-04-30,9,1296.5626222036574,UAE,Shoes,11669.063599832916
239182,72438,2023-10-29,6,196.5287586962938,UK,Perfume,1179.1725521777628
572525,39371,2023-06-27,5,311.69473133638303,UAE,Watch,1558.4736566819151
258338,61501,2023-06-25,3,1307.275616850681,UAE,Bags,3921.8268505520427
284064,70946,2023-08-05,6,712.3382099388133,USA,Shoes,4274.02925963288
314020,48467,2023-02-25,3,1430.4982620673186,India,T-shirt,4291.494786201956
723094,27625,2023-07-06,6,1136.9782521067768,India,Bags,6821.869512640661
997421,43893,2023-08-20,4,549.2412874699505,UAE,Bags,2196.965149879802
715270,86329,2023-09-12,2,1319.1145034541896,India,Bags,2638.2290069083792
745914,41007,2023-04-14,8,276.73367657111726,UK,T-shirt,2213.869412568938
219176,49532,2023-03-18,4,1096.0002470060592,USA,Perfume,4384.000988024237
318126,64253,2023-08-18,9,902.4388048378175,India,Watch,8121.949243540358
318969,22323,2023-09-15,7,572.3534864940095,India,Perfume,4006.474405458067
222409,83379,2023-09-21,2,1227.8097455920251,UK,Shoes,2455.6194911840503
647707,24210,2023-11-27,4,1749.1005050635508,USA,Watch,6996.402020254203
353618,26456,2023-07-01,5,1997.8641645379996,UK,Shoes,9989.320822689999
869598,41367,2023-09-13,3,1235.1373990496777,UAE,T-shirt,3705.412197149033
150015,64624,2023-02-07,9,839.1764549418818,UAE,Perfume,7552.588094476937
872838,20106,2023-06-25,5,489.15384542159313,India,Bags,2445.769227107966
222096,78008,2023-01-27,2,551.3373743204679,USA,Watch,1102.6747486409358
731347,82240,2023-10-03,3,984.9372073920431,UAE,Bags,2954.8116221761293
285340,74315,2023-05-20,9,766.1915174973831,UK,Shoes,6895.723657476447
210687,79249,2023-10-26,7,1831.9383191186412,UAE,Bags,12823.568233830489
974371,80587,2023-10-14,2,768.1761619286336,UAE,Bags,1536.3523238572673
511357,20756,2023-04-01,9,778.2169527335992,UK,T-shirt,7003.952574602393
835716,78011,2023-03-02,4,797.8922992462551,India,T-shirt,3191.5691969850204
205878,46378,2023-12-31,9,1681.4094102169333,USA,Perfume,15132.6846919524
827270,14255,2023-12-13,2,1319.0372256514586,India,Shoes,2638.074451302917
298286,24484,2023-06-12,4,1247.6292581218406,UK,T-shirt,4990.5170324873625
873290,66549,2023-12-17,5,701.5788936485312,UAE,T-shirt,3507.8944682426563
874684,44503,2023-05-23,2,1644.913144823257,USA,Perfume,3289.826289646514
264899,83794,2023-09-10,1,124.80952964361721,India,Watch,124.80952964361721
424767,55113,2023-09-26,7,1748.0544860593207,UK,Perfume,12236.381402415245
961882,84069,2023-10-18,1,1049.8623045981626,UAE,Bags,1049.8623045981626
979858,15249,2023-07-06,8,826.587957983655,UAE,Bags,6612.70366386924
479989,29201,2023-10-31,3,1019.4761973994871,India,T-shirt,3058.428592198461
515515,68576,2023-10-18,6,1351.4602845409706,UK,T-shirt,8108.761707245823
143585,19686,2023-03-27,7,74.89258170989984,UAE,Perfume,524.248071969299
471369,63363,2023-06-15,1,1749.5261200935831,UAE,Perfume,1749.5261200935831
164044,10661,2023-04-24,6,921.142074357216,USA,Shoes,5526.852446143295
542296,54843,2023-12-22,7,718.7847134151525,UAE,Bags,5031.492993906068
209556,70963,2023-07-02,6,319.57885298641133,India,Perfume,1917.473117918468
626981,52828,2023-07-26,4,906.9574799989622,UK,Watch,3627.8299199958487
981691,58604,2023-09-13,1,1017.8294040045388,UK,Shoes,1017.8294040045388
867595,20526,2023-08-23,9,837.1110542622816,USA,Perfume,7533.999488360535
300235,78910,2023-12-21,4,1373.3871829624493,UK,T-shirt,5493.548731849797
125939,35592,2023-01-03,7,870.7482310804908,India,Perfume,6095.237617563435
252906,38982,2023-07-27,7,1924.764276800818,UAE,T-shirt,13473.349937605726
642335,10207,2023-07-16,2,1218.5911597560041,USA,T-shirt,2437.1823195120082
388249,98733,2023-12-07,1,1624.5819745212225,UK,Bags,1624.5819745212225
175766,78619,2023-05-05,8,263.24401106348375,USA,Bags,2105.95208850787
508923,39328,2023-05-18,8,824.7180212445161,USA,Perfume,6597.744169956129
515192,56479,2023-12-05,7,706.8530178219478,UK,Perfume,4947.971124753634
668550,30103,2023-01-25,8,1160.490656866354,USA,Watch,9283.925254930831
487261,49891,2023-03-09,3,1729.17136411978,UK,Shoes,5187.51409235934
910208,20754,2023-03-02,2,202.759524635913,India,Shoes,405.519049271826
785440,91437,2023-01-29,7,191.52085618718604,UK,Perfume,1340.6459933103024
752664,82982,2023-01-19,8,1708.1195309073178,UAE,Bags,13664.956247258542
554589,65922,2023-06-20,1,465.057667774797,UK,Watch,465.057667774797
237848,58231,2023-03-15,9,1354.0688461771367,UAE,Shoes,12186.61961559423
717075,39301,2023-03-02,4,1108.6123581035702,USA,Perfume,4434.449432414281
227948,72711,2023-06-02,4,1674.1425100300976,UK,Bags,6696.57004012039
679304,51323,2023-10-03,3,293.9233741809869,UAE,Bags,881.7701225429607
502690,28752,2023-02-17,6,303.076783159092,UK,Bags,1818.4606989545518
599046,92205,2023-07-30,1,1135.7958025426997,UK,T-shirt,1135.7958025426997
551269,23395,2023-12-09,6,1895.4383740488233,UK,Bags,11372.630244292941
121959,95957,2023-05-19,2,859.2456288229708,India,Perfume,1718.4912576459417
760890,66273,2023-04-20,9,687.5370954966552,UAE,Watch,6187.833859469896
850216,14895,2023-07-02,2,1233.0441802358773,India,Perfume,2466.0883604717546
890180,86559,2023-01-28,7,1864.3747710628106,India,Bags,13050.623397439675
328576,20699,2023-07-16,1,1682.009274047016,UAE,Watch,1682.009274047016
637833,75061,2023-07-10,7,1991.1930409297788,UK,Shoes,13938.351286508452
265838,19715,2023-11-11,5,94.00873724463533,India,Shoes,470.0436862231766
435674,29169,2023-02-20,8,270.0733821898864,India,Perfume,2160.587057519091
979989,26163,2023-05-29,4,1238.462138564913,India,Watch,4953.848554259652
161087,15782,2023-09-25,7,1650.124056701007,UK,Perfume,11550.86839690705
693128,98177,2023-02-19,6,606.2264674981948,India,Watch,3637.3588049891687
218451,94328,2023-09-03,5,516.4616216667266,USA,Watch,2582.308108333633
547600,45585,2023-04-23,4,1584.6028087933416,UAE,Perfume,6338.411235173367
937437,40682,2023-06-19,7,159.94461501380158,USA,Watch,1119.6123050966112
539792,57864,2023-06-15,5,770.2961627860409,UK,Bags,3851.4808139302045
139353,94416,2023-01-14,5,1036.327984055043,India,Watch,5181.639920275215
293075,65114,2023-07-22,1,1142.6799149831306,UAE,Watch,1142.6799149831306
314283,48067,2023-10-15,2,1470.7995557459149,India,Perfume,2941.5991114918297
414877,52685,2023-07-08,5,741.9491606897835,UK,Shoes,3709.7458034489177
165318,28073,2023-06-04,3,1244.734472115484,UAE,T-shirt,3734.2034163464523
865313,46035,2023-02-24,2,1191.4820744423648,USA,Watch,2382.9641488847296
582690,74977,2023-07-01,4,1117.8513962748068,UAE,T-shirt,4471.405585099227
516880,93362,2023-07-29,4,1298.9424216273137,India,Watch,5195.769686509255
691460,75450,2023-03-16,4,555.9258835827488,UAE,Perfume,2223.7035343309954
840976,20382,2023-10-04,4,215.0650694900265,UK,Perfume,860.260277960106
881239,14437,2023-05-13,3,282.5797604774997,UK,Watch,847.7392814324991
193264,80971,2023-12-09,7,487.9356461751071,UAE,Perfume,3415.5495232257495
870746,74612,2023-02-28,9,1025.3859742694312,UK,Perfume,9228.473768424881
913168,71929,2023-12-11,5,1688.8633635647393,UK,Watch,8444.316817823696
325281,22329,2023-07-01,4,1417.522017072349,UK,Shoes,5670.088068289396
737147,35169,2023-12-05,2,1588.629178193992,USA,Watch,3177.258356387984
998613,97468,2023-11-17,2,734.4024666558782,India,Shoes,1468.8049333117565
494070,44594,2023-03-05,5,839.0747962146728,UK,Perfume,4195.373981073364
452228,86957,2023-11-23,7,817.679677681695,UAE,Shoes,5723.757743771865
531839,70631,2023-09-17,9,424.15270958877795,UK,Perfume,3817.3743862990013
369536,55033,2023-07-12,7,169.37248337996544,USA,Shoes,1185.6073836597582
417824,73133,2023-05-23,5,1202.2863810130923,UAE,Shoes,6011.431905065461
357426,83165,2023-04-14,6,1978.972532670143,India,Watch,11873.835196020858
277789,83861,2023-08-02,3,375.31792465301254,UAE,Shoes,1125.9537739590376
613153,62290,2023-08-30,5,141.0353988035838,UAE,Perfume,705.176994017919
842452,41750,2023-07-28,8,1570.0867795566692,UAE,Watch,12560.694236453353
937291,50461,2023-04-03,1,542.5427130352122,UAE,Shoes,542.5427130352122
225657,83800,2023-05-22,1,1667.8054204382104,UK,Watch,1667.8054204382104
335167,88222,2023-04-22,7,1422.676500717305,India,T-shirt,9958.735505021135
781669,34226,2023-02-28,5,1894.0633972490689,UK,Watch,9470.316986245345
580671,16721,2023-02-12,5,847.4081097255104,USA,T-shirt,4237.040548627552
819094,66154,2023-07-26,1,1340.8411869287365,USA,T-shirt,1340.8411869287365
170467,30609,2023-09-25,9,956.4668225858778,UAE,Watch,8608.2014032729
283734,62130,2023-10-23,1,1279.6479597516598,UK,Perfume,1279.6479597516598
722794,82909,2023-04-28,5,926.7178667150878,UK,Perfume,4633.589333575439
209751,65249,2023-01-20,9,417.8328805269459,India,Perfume,3760.495924742513
481050,58895,2023-08-10,4,1040.3999612065927,India,Bags,4161.599844826371
911774,15656,2023-06-15,8,1080.7391928030127,India,T-shirt,8645.913542424101
792517,84520,2023-05-11,6,1630.677504107314,UK,Watch,9784.065024643884
561079,73740,2023-06-05,3,1484.2653762974833,India,Perfume,4452.79612889245
468452,74309,2023-07-03,4,1344.393666685816,India,Perfume,5377.574666743264
206081,39984,2023-03-31,2,271.1048363275164,India,Watch,542.2096726550328
713333,83822,2023-04-04,1,1455.2017667942443,UAE,T-shirt,1455.2017667942443
658986,15901,2023-01-13,8,1025.5950548913038,USA,Watch,8204.76043913043
210078,41552,2023-11-18,1,1793.4940954070105,USA,Bags,1793.4940954070105
967055,41055,2023-10-20,1,1843.7483215545585,UK,Bags,1843.7483215545585
122671,47685,2023-08-18,4,157.55535167348165,UK,Watch,630.2214066939266
518400,83965,2023-11-18,6,1650.2510426912336,UAE,T-shirt,9901.5062561474
455528,24716,2023-10-19,9,123.5099113242077,USA,Perfume,1111.5892019178693
710490,21138,2023-01-26,1,765.9807701052941,India,Bags,765.9807701052941
151663,45298,2023-03-16,7,1107.4849524611043,India,Bags,7752.39466722773
115708,61112,2023-12-30,5,338.7965573228985,UK,T-shirt,1693.9827866144924
978338,33429,2023-10-26,8,1505.3119345096998,USA,Bags,12042.495476077598
411955,60200,2023-05-30,7,66.29167313567021,UK,Bags,464.0417119496915
233883,81308,2023-05-28,4,378.7681444463718,UK,T-shirt,1515.0725777854873
418394,58244,2023-01-08,4,1182.5538182142775,India,Watch,4730.21527285711
212547,27347,2023-01-29,6,1443.0557459727202,India,Perfume,8658.33447583632
659042,26920,2023-10-23,6,1837.4540502531365,USA,Perfume,11024.72430151882
851102,41822,2023-07-28,9,1425.7184712725166,UK,Bags,12831.46624145265
862002,56659,2023-05-08,5,1359.9695769969885,UAE,Perfume,6799.8478849849425
242483,50108,2023-12-06,8,818.9652353837954,USA,Watch,6551.721883070363
758271,99099,2023-04-26,5,52.50462977726276,UK,Bags,262.5231488863138
314835,17967,2023-05-24,2,284.31055453446277,USA,Perfume,568.6211090689255
501896,21871,2023-11-14,6,1092.3813622742764,USA,Shoes,6554.288173645658
184896,87452,2023-08-23,9,1366.5032773966184,USA,Shoes,12298.529496569565
577095,84270,2023-01-07,3,864.0241535981019,UAE,Shoes,2592.0724607943057
171295,43613,2023-02-14,1,1474.8240724803609,UAE,Shoes,1474.8240724803609
843974,38179,2023-08-27,1,1067.6314758977487,India,Shoes,1067.6314758977487
987121,62188,2023-06-04,3,194.6435814089088,India,Bags,583.9307442267263
373255,65099,2023-06-30,5,424.4316893875002,UK,T-shirt,2122.158446937501
399648,45262,2023-08-03,3,1687.9965353256887,USA,T-shirt,5063.989605977066
757162,88213,2023-03-29,9,1463.579855917657,UK,Bags,13172.218703258912
108155,28268,2023-09-13,8,1794.7858746743652,India,Bags,14358.286997394922
566872,87866,2023-03-14,3,279.2366357858263,UAE,Watch,837.7099073574789
925816,96269,2023-06-28,9,1980.933942499394,India,T-shirt,17828.40548249455
474705,70545,2023-07-31,6,458.34309220237054,UK,Shoes,2750.058553214223
671542,82146,2023-10-20,7,72.97075875895192,India,Bags,510.79531131266344
908350,81966,2023-08-22,4,1994.9747311544306,UK,Shoes,7979.8989246177225
710269,49922,2023-08-27,4,598.0940766179706,UK,T-shirt,2392.3763064718823
654594,89364,2023-08-11,2,1352.6379323994918,UK,Perfume,2705.2758647989835
247718,52913,2023-04-29,5,394.53051264379513,UK,Perfume,1972.6525632189757
408987,65677,2023-11-09,8,1181.4456377883264,India,Bags,9451.565102306611
745263,59841,2023-09-21,7,1812.8682235863905,UK,Watch,12690.077565104733
458745,56332,2023-07-26,7,674.3532764854552,UK,Shoes,4720.472935398187
207512,35032,2023-04-05,6,1356.9952532865004,USA,Bags,8141.971519719003
247443,47846,2023-08-10,3,416.4119981569122,UK,Watch,1249.2359944707366
570587,69474,2023-10-03,5,1268.3510275015142,India,Shoes,6341.755137507571
473616,54936,2023-08-19,1,706.0781860441448,UK,T-shirt,706.0781860441448
757409,39794,2023-11-05,7,461.85610424650577,UAE,Perfume,3232.9927297255404
786976,71588,2023-04-29,9,660.7049988720885,UAE,Watch,5946.344989848796
465871,80984,2023-09-25,1,398.7400835902087,UK,Shoes,398.7400835902087
475037,60331,2023-09-30,2,1808.7364102838715,UAE,Bags,3617.472820567743
907364,38141,2023-03-05,3,824.5144283184012,UAE,Shoes,2473.5432849552035
217796,19074,2023-10-25,3,528.2946447000163,India,Bags,1584.883934100049
391999,16406,2023-12-16,8,924.3952899810691,USA,Perfume,7395.162319848553
292506,33291,2023-01-11,7,675.0455252726663,UAE,Perfume,4725.318676908664
798376,51568,2023-04-08,6,1501.6175449359857,UAE,Shoes,9009.705269615915
369544,56851,2023-03-12,4,1943.878828176714,USA,Shoes,7775.515312706856
480002,64823,2023-12-30,9,904.1656305604113,USA,Bags,8137.490675043701
798002,33312,2023-02-27,1,1729.0151299458687,UAE,Bags,1729.0151299458687
639439,53108,2023-10-17,2,1153.432993441258,UK,Watch,2306.865986882516
690978,76918,2023-09-08,4,356.60954693375527,UAE,Watch,1426.438187735021
628787,44171,2023-10-03,3,1396.714347058616,UK,Watch,4190.143041175848
630583,51779,2023-02-19,1,1051.1972693953494,UK,Shoes,1051.1972693953494
488215,78828,2023-12-24,5,1318.6827203416017,UK,Watch,6593.413601708008
421184,22411,2023-08-04,7,1784.8904545147466,USA,Shoes,12494.233181603226
898615,67009,2023-02-21,2,908.8474127792898,UAE,Perfume,1817.6948255585796
522515,25422,2023-09-28,5,1807.2963652738435,UAE,T-shirt,9036.481826369218
768234,52468,2023-03-25,6,1513.8045778492271,India,Perfume,9082.827467095363
478480,42371,2023-10-20,7,1002.7796054620703,USA,Shoes,7019.457238234492
132711,67022,2023-05-06,1,1226.283164533029,India,Shoes,1226.283164533029
891971,81229,2023-10-23,7,684.8832084120723,India,T-shirt,4794.182458884507
601157,61196,2023-03-13,4,1968.0147344906097,UK,Bags,7872.058937962439
284423,90354,2023-10-23,8,1351.3347679482722,USA,Bags,10810.678143586178
616349,36715,2023-08-24,4,135.50136236842832,India,Bags,542.0054494737133
803714,37605,2023-02-25,6,686.9127162086171,UAE,Watch,4121.476297251703
757917,41174,2023-12-26,9,1265.4631458301621,India,Bags,11389.16831247146
924792,19956,2023-04-20,5,159.84989170851762,USA,Watch,799.2494585425881
837378,86373,2023-07-11,4,96.57417307232839,UAE,Watch,386.29669228931357
233272,79252,2023-04-03,8,927.547267079215,UAE,Bags,7420.37813663372
867836,71949,2023-12-16,9,698.7458504007066,UAE,Bags,6288.712653606359
802335,72646,2023-02-25,4,904.6822856646735,UK,T-shirt,3618.729142658694
907789,80017,2023-03-01,3,562.2519542660101,UAE,T-shirt,1686.7558627980302
743409,73037,2023-05-18,8,371.19960653881276,UK,Watch,2969.596852310502
177505,99818,2023-02-08,5,1393.8295461116584,UK,T-shirt,6969.147730558292
102869,16548,2023-01-28,2,1053.413676722211,India,Watch,2106.827353444422
881474,83294,2023-02-18,9,440.3007119362653,India,Shoes,3962.706407426388
554351,33177,2023-05-05,3,673.1993812069967,UAE,Watch,2019.59814362099
412252,34022,2023-01-13,2,1204.0254199434855,USA,Watch,2408.050839886971
736584,15542,2023-02-05,1,190.8472291313318,UAE,T-shirt,190.8472291313318
718467,70428,2023-04-11,8,337.53336806905014,India,Shoes,2700.266944552401
190272,32740,2023-10-09,3,192.82892800941073,UAE,Perfume,578.4867840282323
138467,69353,2023-03-27,7,1634.018798792532,India,Perfume,11438.131591547724
909760,66532,2023-01-04,1,1517.198004763418,UAE,Perfume,1517.198004763418
977844,26052,2023-08-11,1,1518.9602171645513,USA,Shoes,1518.9602171645513
580047,57076,2023-12-04,9,1446.8344197782546,UAE,Bags,13021.509778004292
759347,63420,2023-06-15,8,1355.301576156245,USA,Shoes,10842.41260924996
158871,10671,2023-12-10,3,980.1342349874412,USA,T-shirt,2940.4027049623237
228391,10163,2023-10-05,6,1302.4424188388741,UAE,Watch,7814.654513033245
539430,51424,2023-05-10,3,124.80503183655057,USA,Watch,374.4150955096517
710704,63744,2023-01-31,4,1261.85562418073,USA,T-shirt,5047.42249672292
956703,80331,2023-01-11,1,1566.8615257969104,India,T-shirt,1566.8615257969104
930496,20634,2023-10-29,5,1025.6988027495609,India,Watch,5128.494013747804
356687,14798,2023-04-06,1,747.150990433112,USA,Bags,747.150990433112
825451,32420,2023-07-09,1,590.9821328619093,UK,Bags,590.9821328619093
207450,39300,2023-07-11,7,1303.4639978160608,UAE,Bags,9124.247984712425
271890,99881,2023-09-23,6,1400.962337328322,USA,T-shirt,8405.774023969932
538741,20749,2023-05-08,2,1748.386819731958,UAE,Watch,3496.773639463916
381974,35121,2023-08-26,2,717.5514607989319,India,Watch,1435.1029215978638
500109,47487,2023-12-21,7,1551.0559994018918,UAE,Watch,10857.391995813243
216381,43361,2023-04-22,1,1144.643857169209,USA,Shoes,1144.643857169209
573125,31223,2023-11-12,2,1771.5311568222544,USA,Shoes,3543.062313644509
671621,82930,2023-12-09,8,1079.2336111764605,USA,Perfume,8633.868889411684
234508,24056,2023-05-25,6,1059.3781653760361,USA,Shoes,6356.268992256217
829650,38380,2023-03-06,2,1176.8603088097727,UK,Bags,2353.7206176195455
962645,36035,2023-09-04,7,1511.1649425277471,UK,Bags,10578.15459769423
499111,40620,2023-08-11,4,1931.146433715499,UK,Bags,7724.585734861996
250810,29877,2023-11-09,2,193.448540720743,USA,Bags,386.897081441486
392890,65316,2023-04-16,6,154.19747466248344,UK,Perfume,925.1848479749007
673665,74041,2023-06-30,9,1878.22315794431,UAE,Bags,16904.00842149879
940477,63352,2023-07-03,9,1083.2574697605019,USA,T-shirt,9749.317227844516
460032,40911,2023-08-14,8,1249.0608784055253,India,T-shirt,9992.487027244202
469599,42784,2023-09-22,3,990.7260231097213,USA,T-shirt,2972.178069329164
760960,13191,2023-10-05,3,232.63203258457526,UAE,Shoes,697.8960977537258
850020,43160,2023-03-30,2,1547.7742879163998,UK,Watch,3095.5485758327995
979611,74641,2023-06-25,5,1507.0880579227444,USA,Perfume,7535.440289613722
271836,59723,2023-01-18,4,657.8214769109834,UK,T-shirt,2631.2859076439336
829903,13631,2023-04-16,7,647.1665281953808,USA,T-shirt,4530.165697367665
145714,16172,2023-09-28,4,1683.7906927657612,UAE,Bags,6735.162771063045
727234,52080,2023-11-15,9,191.0966525955869,USA,T-shirt,1719.869873360282
996048,99097,2023-06-16,2,1768.1550392953034,UK,Bags,3536.3100785906067
730271,30281,2023-01-13,6,550.4902952970331,UK,Bags,3302.9417717821984
566960,38671,2023-12-03,7,1206.320258123213,UAE,Watch,8444.241806862492
811851,61431,2023-02-01,4,1875.1886490534666,USA,Shoes,7500.7545962138665
224123,38602,2023-02-09,6,1372.3388779964605,India,Bags,8234.033267978763
405628,98789,2023-05-28,7,858.1381343107213,USA,Bags,6006.966940175049
182989,61399,2023-08-06,4,1394.5917073655596,UAE,Watch,5578.3668294622385
398356,33472,2023-08-07,8,720.7602908169218,India,Bags,5766.082326535375
929957,59230,2023-03-23,9,590.6539118809129,UAE,Perfume,5315.885206928217
278274,83616,2023-11-29,1,1993.5323919726254,USA,Shoes,1993.5323919726254
787995,17099,2023-07-27,7,1514.040950800586,India,Perfume,10598.2866556041
425352,35431,2023-07-20,9,1307.2039558945444,UAE,T-shirt,11764.835603050898
920260,66492,2023-11-28,5,742.8148042776716,UK,Shoes,3714.074021388358
511927,57684,2023-02-07,2,145.8636168523439,India,T-shirt,291.7272337046878
889852,40111,2023-07-30,6,110.56090826855345,India,Bags,663.3654496113206
983184,73936,2023-11-23,7,1130.6534481251576,UAE,Watch,7914.574136876104
231373,32614,2023-09-06,2,1535.9638060261495,UK,Perfume,3071.927612052299
538452,51991,2023-08-15,2,1097.8894213655174,India,T-shirt,2195.7788427310347
215294,80476,2023-02-17,1,1689.5308902812733,UAE,Bags,1689.5308902812733
559451,70920,2023-01-18,4,115.18173953178218,India,Perfume,460.72695812712874
748307,73530,2023-10-22,7,765.1665490305832,India,Perfume,5356.165843214082
165726,46224,2023-07-15,9,512.2872627896472,India,T-shirt,4610.585365106825
241564,17788,2023-07-06,3,922.182287906388,UK,Bags,2766.546863719164
477812,38082,2023-12-11,7,191.13396672853884,USA,Watch,1337.937767099772
368246,99570,2023-08-12,7,1910.5567010635914,USA,T-shirt,13373.89690744514
805696,86816,2023-11-14,7,485.3480320852538,UK,Perfume,3397.436224596777
218015,93588,2023-12-31,2,1848.5001621929903,UK,Perfume,3697.0003243859805
840674,26531,2023-12-03,6,880.4916523215295,UAE,Shoes,5282.949913929177
354079,98340,2023-08-17,2,1971.772059847675,India,Bags,3943.54411969535
650929,54857,2023-03-18,6,1130.413847747411,UK,Shoes,6782.483086484466
789944,20142,2023-07-07,3,1865.1240851428245,UAE,Watch,5595.372255428473
788105,58355,2023-12-12,2,60.43052795373455,USA,T-shirt,120.8610559074691
613758,19866,2023-09-27,6,1509.0656720527552,USA,Perfume,9054.394032316532
465890,80067,2023-04-05,2,1810.9487735499051,USA,Bags,3621.8975470998103
545101,74027,2023-11-06,5,322.4551056089604,USA,Perfume,1612.275528044802
136631,67906,2023-05-12,2,237.4454108776954,UAE,Shoes,474.8908217553908
866577,38138,2023-02-08,3,877.9165840126134,India,Shoes,2633.74975203784
172991,39956,2023-03-13,3,1870.6738669592235,UAE,T-shirt,5612.021600877671
104014,86295,2023-10-08,6,1107.6537923713556,India,Bags,6645.922754228133
373237,15439,2023-11-29,6,1078.5401042573776,USA,Bags,6471.240625544266
118070,57241,2023-06-09,3,325.19593068367766,UK,T-shirt,975.5877920510329
922209,52533,2023-07-06,3,51.53954663177663,UK,Shoes,154.6186398953299
156958,38270,2023-07-10,1,1629.7731769536495,UK,Shoes,1629.7731769536495
182074,88815,2023-04-30,7,220.77039782316453,India,Shoes,1545.3927847621517
635017,49279,2023-08-08,8,1286.0071465338817,USA,Perfume,10288.057172271054
855073,33888,2023-02-22,2,1833.5020863046234,UAE,Watch,3667.004172609247
276089,27630,2023-08-10,4,456.8712306589405,UK,Shoes,1827.484922635762
297392,71063,2023-05-11,7,1347.282030661976,India,Watch,9430.974214633832
258823,45144,2023-08-25,8,203.46222457964345,UK,Watch,1627.6977966371476
730152,62161,2023-09-03,1,1227.3225304833452,UAE,Bags,1227.3225304833452
493002,87360,2023-08-14,4,369.66685585874535,USA,T-shirt,1478.6674234349814
833429,60979,2023-07-27,6,1485.109443004597,UAE,Perfume,8910.656658027583
598863,16979,2023-04-06,3,637.401024848121,USA,Watch,1912.203074544363
467654,36189,2023-07-19,5,953.6124671690601,USA,Perfume,4768.0623358453
679036,52600,2023-09-04,9,1218.8895569538622,USA,Bags,10970.00601258476
630089,69560,2023-03-13,3,383.98315079916716,UK,Shoes,1151.9494523975015
250262,88040,2023-11-14,5,1496.1937463043607,UAE,Watch,7480.968731521803
542905,71558,2023-07-04,8,640.1486642417884,UK,T-shirt,5121.189313934307
335362,96205,2023-01-06,6,1341.6251268298693,UAE,Bags,8049.750760979216
544209,16910,2023-07-25,4,358.6519488637786,India,Perfume,1434.6077954551145
653880,67713,2023-02-01,8,1391.829435452383,India,Shoes,11134.635483619064
897079,56857,2023-04-09,3,299.9667419804004,UAE,Perfume,899.9002259412011
764076,44964,2023-09-13,3,879.4451677264681,UAE,T-shirt,2638.3355031794044
319963,95667,2023-07-06,4,532.0518437908098,UAE,Watch,2128.2073751632392
580761,35227,2023-03-17,9,1509.331736384956,UAE,T-shirt,13583.985627464604
348710,15978,2023-06-26,5,560.9682587884054,USA,Perfume,2804.841293942027
320984,97527,2023-11-11,8,1769.3487474710228,UK,Perfume,14154.789979768182
997059,27153,2023-10-14,6,1789.049412242895,USA,T-shirt,10734.296473457369
956748,69765,2023-12-15,3,433.0605646844324,UK,T-shirt,1299.1816940532972
882355,49071,2023-09-12,8,1246.9995927650623,UK,T-shirt,9975.996742120498
364512,79519,2023-11-21,9,221.04940135393042,UK,Shoes,1989.444612185374
701863,19503,2023-07-09,8,813.4973442231769,USA,Perfume,6507.978753785415
368799,70703,2023-11-04,4,1440.9773725274808,UAE,Bags,5763.909490109923
337549,74379,2023-12-11,6,1335.8753313573368,USA,Shoes,8015.25198814402
694319,67866,2023-05-07,1,1268.1663053428856,USA,Shoes,1268.1663053428856
584299,26905,2023-10-14,4,600.954684141765,UK,Shoes,2403.81873656706
712210,55838,2023-09-11,8,787.1486513970839,India,Bags,6297.189211176671
548982,68279,2023-08-01,1,250.74498216555804,India,T-shirt,250.74498216555804
224046,99489,2023-09-07,3,1452.094499845522,USA,Perfume,4356.2834995365665
506619,36806,2023-03-25,1,1032.5831537429833,UK,Watch,1032.5831537429833
132097,55000,2023-01-13,9,1432.0929830740265,USA,Watch,12888.836847666238
766326,32168,2023-02-14,2,535.4398733539019,USA,Perfume,1070.8797467078039
749150,80119,2023-05-07,9,682.6545458383791,UAE,Bags,6143.890912545412
330229,48714,2023-04-24,4,701.7199076572235,UK,Watch,2806.879630628894
218834,64093,2023-10-03,2,100.19769900707159,India,Shoes,200.39539801414318
193848,65419,2023-07-24,4,715.0433520197159,India,Watch,2860.1734080788638
152921,59145,2023-12-03,6,1616.4439183601653,India,Perfume,9698.663510160992
805086,87425,2023-09-30,7,1799.7320667119902,USA,Shoes,12598.124466983933
750429,87811,2023-02-27,3,1060.5257154900587,UK,Watch,3181.577146470176
805660,12461,2023-11-24,3,938.2283056774795,UAE,Perfume,2814.6849170324385
384821,24291,2023-08-07,8,110.108006463772,India,Bags,880.864051710176
155609,56804,2023-04-19,5,1764.448458291496,UK,Perfume,8822.24229145748
327897,86971,2023-10-06,4,75.36991618045181,India,Bags,301.47966472180724
131024,74946,2023-06-23,7,1892.262656409913,UAE,Shoes,13245.83859486939
170313,94080,2023-11-24,7,1003.9716849417767,UK,Perfume,7027.801794592438
489957,71332,2023-09-21,9,716.7722624707169,USA,T-shirt,6450.950362236452
284078,87794,2023-11-11,9,1852.225947943187,USA,T-shirt,16670.033531488683
457429,40841,2023-04-21,5,97.56243656468864,India,T-shirt,487.8121828234432
561243,58758,2023-07-06,8,1183.7785449947198,India,T-shirt,9470.228359957759
213632,86272,2023-09-26,1,1120.4184227737082,UK,T-shirt,1120.4184227737082
351451,47643,2023-08-17,9,477.67478236219506,UAE,Bags,4299.073041259756
103051,60408,2023-06-05,8,886.3304911329107,India,Perfume,7090.643929063285
804107,53950,2023-07-08,6,1321.914811590352,UK,Shoes,7931.488869542112
476836,66849,2023-09-29,3,1467.9058339197586,UAE,T-shirt,4403.717501759276
711523,38044,2023-01-02,3,51.39787447783058,India,T-shirt,154.19362343349172
821772,25997,2023-09-03,8,1876.86418867748,India,Shoes,15014.91350941984
289407,89751,2023-07-29,5,370.82447616598415,UK,Shoes,1854.1223808299208
549395,33911,2023-10-13,7,505.48184673360043,India,T-shirt,3538.372927135203
562894,65533,2023-12-25,5,563.7732191030041,USA,Bags,2818.8660955150203
311810,92566,2023-01-13,8,123.74926627646886,UAE,Shoes,989.9941302117509
827975,24571,2023-04-06,4,289.95164100113357,UAE,Perfume,1159.8065640045343
173523,67941,2023-08-09,2,1973.3823497411158,USA,Perfume,3946.7646994822317
860463,68005,2023-08-26,3,664.6726378857078,UK,Bags,1994.0179136571232
194476,96250,2023-04-04,8,274.8371261611462,USA,Watch,2198.6970092891697
333841,68712,2023-12-04,7,258.6329592905155,USA,Bags,1810.4307150336085
903451,53541,2023-09-26,2,1452.9469369564451,UAE,T-shirt,2905.8938739128903
970045,33387,2023-06-20,6,1716.4088948636497,UK,Watch,10298.453369181898
322866,58908,2023-04-04,9,551.0569840415162,India,T-shirt,4959.512856373646
186672,95457,2023-05-29,4,90.7735490537082,USA,Perfume,363.0941962148328
698135,23057,2023-04-22,9,485.0255359684438,USA,Shoes,4365.229823715994
444894,74028,2023-02-24,2,160.2055970536768,UK,T-shirt,320.4111941073536
834994,65731,2023-12-03,2,251.62012642858096,USA,Perfume,503.2402528571619
128251,34858,2023-04-26,9,891.4408337029026,UK,Bags,8022.967503326124
727769,58689,2023-05-23,7,498.3408231801835,India,T-shirt,3488.3857622612845
474710,54638,2023-07-20,7,1056.0944631245757,UK,Perfume,7392.66124187203
650233,56486,2023-06-29,1,544.3128188515212,India,Shoes,544.3128188515212
977284,30567,2023-07-21,6,1884.047737150748,UK,T-shirt,11304.286422904488
132217,39739,2023-12-30,7,1816.5907374562157,USA,Perfume,12716.13516219351
108308,67804,2023-02-22,6,1155.2719047704088,India,T-shirt,6931.631428622453
368093,13754,2023-06-29,6,741.1267843754031,USA,Shoes,4446.7607062524185
283062,37044,2023-11-09,2,793.2364199677344,India,T-shirt,1586.4728399354688
494366,77260,2023-11-04,6,853.111952131769,UK,T-shirt,5118.671712790614
844840,76912,2023-05-17,4,1468.779678163141,UK,Perfume,5875.118712652564
200235,18706,2023-07-01,9,930.696041261734,UK,Watch,8376.264371355606
174740,18894,2023-01-01,1,1720.6233956864999,UAE,T-shirt,1720.6233956864999
478496,28037,2023-02-13,8,1890.9848325642108,UAE,Watch,15127.878660513687
953049,93986,2023-08-15,5,705.094999088921,India,Bags,3525.474995444605
850201,91942,2023-11-27,1,1143.3542386825761,UAE,T-shirt,1143.3542386825761
903328,61612,2023-04-08,4,235.36024682350063,UK,Watch,941.4409872940025
277247,39725,2023-07-27,1,440.91464314440003,UAE,Bags,440.91464314440003
763165,15926,2023-09-22,6,856.2582450848122,UAE,Perfume,5137.549470508873
629525,19496,2023-10-15,2,452.0952960084688,USA,T-shirt,904.1905920169376
120056,66447,2023-09-28,5,1759.2929570379993,India,Perfume,8796.464785189997
276615,39806,2023-05-20,7,358.65819931524123,India,Bags,2510.6073952066886
287628,98199,2023-08-25,2,938.5386020285293,India,Perfume,1877.0772040570587
738836,51321,2023-03-13,6,1231.1135188967576,UAE,Perfume,7386.681113380546
473632,75095,2023-06-04,6,1399.1346209136466,UK,Shoes,8394.80772548188
234415,32656,2023-07-09,5,796.9852709666882,USA,Bags,3984.926354833441
506716,65147,2023-09-25,5,1744.7431840132206,India,Perfume,8723.715920066103
546438,59666,2023-11-17,3,1158.2223446019548,UAE,Watch,3474.6670338058643
653663,92368,2023-04-17,2,907.040171872726,UK,Bags,1814.080343745452
765022,48787,2023-08-20,7,181.1192364014714,USA,Shoes,1267.8346548102998
641252,72946,2023-02-11,1,956.1444634680718,USA,T-shirt,956.1444634680718
737717,31727,2023-07-09,6,1650.434889590674,India,Perfume,9902.609337544043
352764,78056,2023-05-19,6,1248.354985531565,India,Watch,7490.12991318939
814998,13081,2023-04-13,3,1672.7167847717808,UK,Shoes,5018.150354315342
566882,44196,2023-06-20,2,1013.322757668646,UAE,Bags,2026.645515337292
840427,46735,2023-12-17,2,281.0003249342396,UK,Perfume,562.0006498684792
612153,90102,2023-09-30,9,76.59769937996809,India,Shoes,689.3792944197128
167215,89578,2023-08-09,5,641.2781161012529,UK,Shoes,3206.390580506264
955474,35498,2023-08-01,7,1411.0814194206953,UAE,Watch,9877.569935944866
244356,86865,2023-12-07,5,1591.0068126863027,USA,T-shirt,7955.0340634315135
303861,41656,2023-02-25,7,626.7180275096424,USA,T-shirt,4387.026192567497
455612,77695,2023-12-08,4,1016.5251457223319,USA,T-shirt,4066.1005828893276
554605,47900,2023-04-12,8,871.1818636464592,USA,Bags,6969.4549091716735
109435,94899,2023-07-11,7,850.5194294852844,India,Shoes,5953.6360063969905
547556,57701,2023-11-06,5,501.12999074029347,India,Bags,2505.6499537014674
799438,29033,2023-07-19,6,315.9236548074438,UAE,Shoes,1895.5419288446628
965264,20805,2023-08-21,5,433.5426885508656,UAE,Watch,2167.713442754328
675581,45851,2023-08-15,7,157.8981549685249,UAE,Watch,1105.2870847796742
178781,36832,2023-05-19,2,436.35494655597523,UAE,Bags,872.7098931119505
291475,73437,2023-12-10,5,67.94175036948994,UK,Bags,339.70875184744966
260196,23944,2023-11-01,3,1273.1538812401577,UAE,Watch,3819.461643720473
326507,29873,2023-05-29,9,666.9320444059816,USA,Perfume,6002.388399653834
406063,50372,2023-04-25,6,1947.6321872824717,USA,T-shirt,11685.79312369483
864121,99464,2023-03-04,3,427.7482490137808,USA,T-shirt,1283.2447470413424
876665,25379,2023-04-14,7,724.3657121037081,UK,Watch,5070.559984725956
790607,46751,2023-12-05,4,747.7902593509898,UAE,T-shirt,2991.161037403959
221172,99822,2023-12-25,3,66.48041732179806,USA,Perfume,199.44125196539417
456902,15110,2023-06-05,8,1686.455508426945,USA,Perfume,13491.64406741556
584963,64341,2023-09-30,4,112.38919728143321,USA,Shoes,449.55678912573285
555968,22087,2023-01-06,1,1883.3506777220207,USA,Bags,1883.3506777220207
418717,33762,2023-05-27,6,1789.5449846325603,India,T-shirt,10737.269907795362
159101,92617,2023-07-03,1,1094.267736367629,UAE,Perfume,1094.267736367629
595972,19596,2023-01-28,5,1110.0113710770195,UAE,Bags,5550.056855385097
388790,28313,2023-02-07,7,1324.8669497645049,UK,Bags,9274.068648351535
990617,76549,2023-04-29,6,804.7475232730296,India,Shoes,4828.485139638178
647337,33705,2023-10-20,2,1312.0834526258182,UK,Bags,2624.1669052516363
834965,77364,2023-09-01,4,137.2983579425494,USA,Bags,549.1934317701975
460260,83445,2023-03-09,2,155.39287333196683,UK,Watch,310.78574666393365
983811,88645,2023-08-02,1,941.5993182581115,USA,Shoes,941.5993182581115
692673,12023,2023-08-06,3,1121.7634871567682,USA,Shoes,3365.2904614703048
750419,69796,2023-06-26,3,1781.2443986548471,UAE,T-shirt,5343.733195964542
533374,90073,2023-10-26,7,254.0882361203977,UAE,Bags,1778.617652842784
820777,74429,2023-06-13,1,1654.1634580280843,UAE,T-shirt,1654.1634580280843
647577,71627,2023-02-27,9,459.5923077195357,UAE,Perfume,4136.330769475821
472370,43848,2023-09-26,6,818.4631145945622,UAE,Bags,4910.778687567373
987225,47804,2023-11-04,4,667.3747479134552,India,Perfume,2669.4989916538207
371967,25379,2023-02-27,3,830.302782087528,UAE,Watch,2490.908346262584
291232,69664,2023-10-15,3,343.4662212415418,UK,Bags,1030.3986637246253
404119,37766,2023-04-15,2,1031.961645086932,USA,T-shirt,2063.923290173864
109540,78099,2023-08-16,2,1613.203050171166,UAE,T-shirt,3226.406100342332
640652,46060,2023-09-04,5,910.9913202388491,India,Bags,4554.956601194245
497827,79122,2023-07-07,9,1006.6964730014882,UK,T-shirt,9060.268257013395
651951,26087,2023-03-24,2,1705.0967912985627,UK,Bags,3410.1935825971254
151991,58868,2023-07-05,2,1426.81332354416,USA,Shoes,2853.62664708832
288751,33225,2023-09-09,6,1006.3860966135802,UK,T-shirt,6038.316579681481
466326,16643,2023-12-21,2,552.5065139689004,UK,Bags,1105.0130279378009
786337,46727,2023-08-26,4,1775.6071563476848,UK,Bags,7102.428625390739
718992,21005,2023-12-26,6,1175.1897832965888,UK,T-shirt,7051.1386997795325
149115,75697,2023-07-03,5,481.2378397158521,India,Shoes,2406.1891985792604
453151,26029,2023-10-11,1,574.7835176441203,USA,T-shirt,574.7835176441203
843583,24226,2023-07-29,6,1616.1095234256795,UAE,Bags,9696.657140554078
291962,73646,2023-10-31,1,136.08384607053813,UK,Shoes,136.08384607053813
821747,70603,2023-10-23,3,1984.579764706199,India,Perfume,5953.739294118597
249143,38731,2023-04-07,5,304.18577544384397,USA,Watch,1520.9288772192199
814635,78926,2023-07-27,5,1602.333624524028,UAE,T-shirt,8011.66812262014
636226,15997,2023-05-17,6,819.8118677047815,USA,Bags,4918.8712062286895
453824,65506,2023-07-03,8,1009.8215574105603,India,Shoes,8078.572459284483
104000,88229,2023-03-17,5,1767.268626055927,India,Shoes,8836.343130279634
825948,59815,2023-10-14,1,855.1768196989658,India,Perfume,855.1768196989658
987474,52092,2023-05-22,5,1098.1128196628072,UK,T-shirt,5490.564098314036
455754,72539,2023-08-25,3,146.13434169788138,India,Shoes,438.40302509364415
351492,76077,2023-01-25,4,54.57757404153365,UAE,Perfume,218.3102961661346
990123,31817,2023-10-17,8,527.3597523533655,UK,Bags,4218.878018826924
599522,47861,2023-03-08,7,1377.1370311915962,USA,Perfume,9639.959218341173
591072,23428,2023-09-07,5,286.46654205031655,UAE,T-shirt,1432.3327102515827
138304,53934,2023-04-28,2,271.8358196688714,UK,Perfume,543.6716393377428
604999,20258,2023-03-14,6,851.3731856700114,India,Shoes,5108.239114020068
431593,67775,2023-10-09,6,1313.2822252860417,USA,Shoes,7879.693351716251
707274,91580,2023-12-26,6,1438.5403848834644,India,Watch,8631.242309300786
251836,15469,2023-01-10,9,397.9788144918308,UAE,Perfume,3581.809330426477
208940,38854,2023-07-30,8,205.1968873754828,UAE,Bags,1641.5750990038623
924926,16256,2023-11-19,8,1883.774216193811,UK,T-shirt,15070.193729550489
365517,86256,2023-06-01,1,558.2994459960984,UAE,Watch,558.2994459960984
767521,43937,2023-01-05,5,1714.0256703370114,USA,Perfume,8570.128351685056
721820,11651,2023-07-14,7,1733.8083284024956,UK,Bags,12136.658298817469
979090,60288,2023-10-10,6,1556.4190539369617,USA,Watch,9338.51432362177
485777,94730,2023-04-23,5,379.22553297251164,India,Shoes,1896.1276648625583
724674,35051,2023-09-28,8,1652.5128455456907,USA,T-shirt,13220.102764365525
651638,37386,2023-06-12,3,1550.038590521094,USA,Perfume,4650.115771563282
717296,85054,2023-04-15,6,1213.6098307071234,UAE,Bags,7281.65898424274
980729,26184,2023-06-30,5,707.5439685794579,India,Shoes,3537.7198428972897
649639,43787,2023-02-13,8,561.891778319761,UAE,Watch,4495.134226558088
712956,31621,2023-10-09,4,287.68396355669995,India,T-shirt,1150.7358542267998
738873,85564,2023-06-24,8,1044.0262804566992,India,Watch,8352.210243653593
437497,87984,2023-06-11,2,1191.2587072442007,USA,Watch,2382.5174144884013
307869,69792,2023-12-17,9,750.7110315057851,UAE,Bags,6756.399283552066
165953,55253,2023-12-06,9,976.9501819776937,USA,Shoes,8792.551637799243
943890,44051,2023-05-20,6,758.8531918700701,USA,Perfume,4553.1191512204205
600328,59811,2023-05-12,4,1299.9618117753676,USA,Bags,5199.84724710147
906790,40447,2023-03-28,4,1807.4554552032985,India,T-shirt,7229.821820813194
103267,93930,2023-06-25,6,369.6445109915425,UAE,Watch,2217.867065949255
182745,40254,2023-07-02,5,793.7471793110907,UAE,T-shirt,3968.7358965554536
976020,94045,2023-05-09,6,324.6937777041796,USA,Bags,1948.1626662250774
924945,67418,2023-09-03,7,1268.6403522952724,India,Bags,8880.482466066907
257164,24472,2023-03-30,7,1471.2974935027617,UAE,Perfume,10299.082454519332
635626,13471,2023-03-07,9,1867.229828565039,UK,Watch,16805.068457085352
231484,18329,2023-06-07,8,593.8002562088816,UAE,Bags,4750.402049671053
631831,44865,2023-05-29,6,1902.911851437589,USA,T-shirt,11417.471108625534
992323,56850,2023-12-06,6,173.36221005031587,UK,Perfume,1040.1732603018952
160692,64220,2023-04-26,5,1225.877033560947,India,T-shirt,6129.385167804735
320156,16397,2023-08-02,1,161.40880271949345,UK,Watch,161.40880271949345
323992,45525,2023-10-21,9,1792.8596661357924,UK,Perfume,16135.73699522213
616771,63072,2023-09-10,9,1083.1276612866054,USA,Perfume,9748.14895157945
930857,93820,2023-05-23,9,1355.2292839874524,UAE,Perfume,12197.06355588707
663044,94530,2023-09-07,8,1671.5691555253825,India,Shoes,13372.55324420306
643176,33284,2023-10-29,3,343.10571384373907,UK,Perfume,1029.3171415312172
791095,71330,2023-01-25,1,125.25354577936099,USA,T-shirt,125.25354577936099
933727,93369,2023-10-04,8,1763.8182345300618,UAE,T-shirt,14110.545876240494
214352,35122,2023-03-11,7,664.1197935449184,UK,Watch,4648.838554814429
969474,80553,2023-04-23,5,301.5088704579723,USA,Bags,1507.5443522898615
185999,91906,2023-12-29,7,963.4994123198187,USA,Bags,6744.495886238731
117955,72812,2023-04-22,4,1216.6968476072366,USA,Shoes,4866.787390428946
924273,17999,2023-12-30,9,110.39267667389474,India,Perfume,993.5340900650526
170640,32436,2023-10-30,2,586.046533601321,UAE,Shoes,1172.093067202642
296582,52963,2023-04-01,9,113.95975483994722,UK,Watch,1025.637793559525
844086,12096,2023-01-18,9,869.654008931223,UAE,Watch,7826.886080381007
500573,35279,2023-05-29,5,1795.4450566791763,UAE,Bags,8977.225283395881
525695,36201,2023-08-15,1,1966.17220241246,UK,Watch,1966.17220241246
161476,29715,2023-08-02,7,1292.2427293320736,UAE,Perfume,9045.699105324515
406955,39309,2023-12-26,4,365.193502879954,India,T-shirt,1460.774011519816
267280,25078,2023-05-31,9,1816.4063104986462,UK,Watch,16347.656794487815
775510,66614,2023-07-11,6,1056.683255240118,UK,Shoes,6340.099531440707
695468,15105,2023-02-09,3,349.81115860069025,USA,Perfume,1049.4334758020707
798646,12839,2023-08-30,6,1847.3670054307397,UAE,Watch,11084.202032584439
737144,78920,2023-05-18,6,1527.064648910051,UK,Watch,9162.387893460305
954882,53619,2023-12-11,5,1476.8252818101455,UK,Perfume,7384.1264090507275
514568,52821,2023-06-29,2,1432.902372399089,India,Watch,2865.804744798178
286141,23493,2023-07-19,2,440.66265113806253,USA,T-shirt,881.3253022761251
998320,27069,2023-07-22,7,461.4630488296758,UK,Bags,3230.241341807731
734736,17531,2023-03-02,2,1392.1713469331473,India,Perfume,2784.3426938662947
638685,47051,2023-07-11,6,478.4593627152739,UK,Shoes,2870.7561762916434
278031,17736,2023-01-05,5,905.4098087659453,UK,Watch,4527.0490438297265
219180,17710,2023-08-25,4,1574.9035599081858,UK,Bags,6299.614239632743
166234,77155,2023-06-30,7,1578.7074102907898,India,Shoes,11050.951872035528
664242,23975,2023-11-07,8,933.8604564254263,UAE,Shoes,7470.88365140341
278352,72424,2023-02-06,4,1594.770379636728,UK,T-shirt,6379.081518546912
179459,55603,2023-02-25,1,1685.3125025862107,UK,Bags,1685.3125025862107
509995,33252,2023-08-25,1,1326.8127150043074,UAE,Perfume,1326.8127150043074
295004,90797,2023-12-24,1,495.4304120014193,UK,Bags,495.4304120014193
566152,11431,2023-12-15,1,584.3229717518177,USA,Bags,584.3229717518177
825256,84603,2023-07-16,5,663.9402530470339,UK,Shoes,3319.7012652351696
159163,47481,2023-03-14,4,277.7680100812064,USA,T-shirt,1111.0720403248256
575853,19557,2023-02-28,9,582.661259721393,UAE,T-shirt,5243.951337492537
151934,84971,2023-08-28,3,458.5624874094376,India,Bags,1375.6874622283128
820255,10162,2023-01-02,7,937.8910621267743,UAE,Bags,6565.23743488742
525523,44742,2023-12-26,8,1821.4532183509166,UK,Watch,14571.625746807333
940530,29675,2023-07-07,6,253.73661767021827,USA,Shoes,1522.4197060213096
554137,83997,2023-11-03,1,1454.5224516974213,India,Perfume,1454.5224516974213
105486,27015,2023-01-30,8,1390.201858605599,UK,Perfume,11121.614868844792
239407,60057,2023-09-24,3,236.72068739354742,India,T-shirt,710.1620621806422
973332,42591,2023-04-18,8,1849.01618956631,India,Shoes,14792.12951653048
750308,19833,2023-11-28,4,1158.5207942057982,UK,T-shirt,4634.083176823193
727083,17896,2023-03-31,8,759.2647662145843,UAE,Perfume,6074.118129716674
320184,42972,2023-07-24,1,1525.250237815848,UK,Bags,1525.250237815848
766490,59733,2023-08-08,3,551.8626438831864,UK,Shoes,1655.587931649559
449652,51800,2023-04-04,6,1402.3441822403247,UAE,Shoes,8414.065093441948
861315,15347,2023-04-13,9,127.43685476588207,USA,Watch,1146.9316928929386
742612,69063,2023-08-11,2,1686.8456733380804,UK,Bags,3373.6913466761607
422710,12643,2023-07-05,1,923.9331516915711,India,Bags,923.9331516915711
297775,50785,2023-07-03,3,1291.5511829979864,UK,T-shirt,3874.6535489939592
389336,28681,2023-06-11,4,481.41374862303314,UK,Shoes,1925.6549944921326
887494,60026,2023-09-04,5,1370.2937396839736,India,T-shirt,6851.468698419868
708364,25892,2023-01-31,3,1555.8685379918893,UAE,Bags,4667.605613975667
189780,57299,2023-02-21,2,972.7657144245775,USA,Watch,1945.531428849155
252617,27073,2023-12-11,2,1254.567501920499,USA,Shoes,2509.135003840998
645977,40682,2023-03-17,7,939.8355514536772,India,Bags,6578.848860175741
897606,24289,2023-10-05,9,1793.4781700527988,UAE,Watch,16141.303530475188
450605,17927,2023-02-09,2,1020.8449020029224,UK,Perfume,2041.6898040058447
989465,58330,2023-04-11,7,1691.5269826061967,UK,Bags,11840.688878243378
633636,76707,2023-04-21,7,1612.6365136269847,UK,Perfume,11288.455595388892
138102,87454,2023-11-17,7,850.4844016292952,UK,T-shirt,5953.390811405066
174460,75428,2023-09-06,3,498.6647591220763,UK,Perfume,1495.994277366229
464778,60601,2023-07-10,7,841.8601584915534,India,Bags,5893.021109440874
189930,87465,2023-07-01,1,1661.1238827616792,UK,Perfume,1661.1238827616792
631089,12539,2023-12-01,1,493.8834448478151,UK,Shoes,493.8834448478151
727438,32669,2023-07-28,5,1072.6508744226112,UAE,Bags,5363.254372113056
827627,80968,2023-01-22,2,1621.8886585234577,UK,Watch,3243.7773170469154
279208,30644,2023-06-15,9,739.2810765003386,USA,Perfume,6653.5296885030475
254697,28745,2023-04-09,7,1302.3087921552599,India,Shoes,9116.16154508682
313945,38228,2023-07-27,4,528.9815693951883,India,T-shirt,2115.9262775807533
331915,44521,2023-01-08,4,263.09491846791184,India,T-shirt,1052.3796738716474
827952,36928,2023-07-09,2,1599.0492389310698,USA,Perfume,3198.0984778621396
308124,28322,2023-06-24,5,242.9888156469783,UK,T-shirt,1214.9440782348915
537477,67714,2023-09-30,4,579.19372040519,India,Watch,2316.77488162076
625830,97896,2023-01-17,1,1717.4633728950082,USA,Bags,1717.4633728950082
383821,72292,2023-03-31,8,725.6151098034011,UAE,Shoes,5804.920878427209
277804,39055,2023-05-21,3,1947.4384315526142,UK,Perfume,5842.315294657843
805703,52891,2023-05-25,6,1960.4819528090266,USA,T-shirt,11762.89171685416
139081,91912,2023-06-15,4,573.1382398844355,UK,Bags,2292.552959537742
818216,16588,2023-12-03,9,129.90753338728638,UAE,Watch,1169.1678004855773
455249,16304,2023-03-19,7,1424.8734042004892,USA,T-shirt,9974.113829403424
319930,17345,2023-09-19,9,929.4236801642703,UK,T-shirt,8364.813121478433
905497,39300,2023-06-12,3,246.46804572117375,USA,Shoes,739.4041371635212
617313,34259,2023-01-14,1,1429.6694970071835,India,Watch,1429.6694970071835
314532,98553,2023-08-27,5,110.79107276824638,UK,Watch,553.9553638412319
712380,25352,2023-03-13,3,1746.8835464598722,USA,Perfume,5240.650639379616
619332,43365,2023-05-23,6,320.3724317709423,India,Shoes,1922.2345906256537
416837,29446,2023-11-06,8,298.2581635561138,UAE,Perfume,2386.0653084489104
389106,12336,2023-10-10,4,392.56098103873984,UK,Shoes,1570.2439241549594
128295,72032,2023-09-26,5,1922.5193990595299,UK,Watch,9612.596995297648
113807,85415,2023-08-29,5,1401.6802524949996,UAE,Shoes,7008.4012624749985
535564,17521,2023-09-02,4,1612.6744941540917,India,Shoes,6450.697976616367
257504,81707,2023-06-12,4,825.3882221788684,UAE,Shoes,3301.5528887154737
338067,33481,2023-03-01,4,705.8098186346633,UK,Bags,2823.2392745386533
585008,28474,2023-01-06,4,507.24381322718136,USA,Bags,2028.9752529087255
792440,56760,2023-07-16,4,987.2636552091974,India,Watch,3949.0546208367896
494540,65718,2023-02-27,5,1126.0660303916286,India,Shoes,5630.330151958143
977699,54629,2023-11-01,2,1281.960945122873,India,Watch,2563.921890245746
617923,55232,2023-08-05,2,551.3810827974544,UAE,Bags,1102.7621655949088
266981,96544,2023-01-26,9,1899.8754577608318,UAE,Shoes,17098.879119847486
844699,77169,2023-10-30,2,381.0290715039149,USA,Perfume,762.0581430078298
119870,60669,2023-01-05,6,1933.023690794504,USA,Bags,11598.142144767025
303196,88021,2023-01-20,2,78.96943888963239,India,Bags,157.93887777926477
348683,79184,2023-07-17,5,988.1950990428489,USA,Bags,4940.975495214245
334677,57945,2023-02-28,4,700.0672843272974,UAE,Shoes,2800.26913730919
126790,23140,2023-08-30,7,925.7906571639891,USA,T-shirt,6480.534600147924
743162,93457,2023-05-26,7,1162.7959290125386,UAE,Perfume,8139.571503087771
911721,24357,2023-09-30,6,899.3988581247826,USA,Perfume,5396.393148748695
548345,78673,2023-09-06,5,858.9513580881102,UK,Watch,4294.7567904405505
849074,75633,2023-01-14,1,1478.8106600559477,UAE,Shoes,1478.8106600559477
587462,86943,2023-01-13,3,1387.4587364186061,UK,Bags,4162.376209255818
639773,88258,2023-02-13,9,1674.8789999699034,UAE,T-shirt,15073.91099972913
930914,22924,2023-01-19,1,537.4200134170163,USA,Shoes,537.4200134170163
186188,79286,2023-03-04,5,1238.580594020424,UK,Shoes,6192.902970102121
629036,84071,2023-08-27,2,1191.129831516065,USA,T-shirt,2382.25966303213
842129,67326,2023-12-03,4,770.9887312017431,UAE,Bags,3083.9549248069725
764795,40651,2023-04-10,1,997.8122067102278,UK,Shoes,997.8122067102278
890141,80202,2023-06-12,3,661.875179446171,India,Perfume,1985.6255383385133
748249,58777,2023-05-02,7,326.5965753531211,USA,Perfume,2286.176027471848
130355,26994,2023-02-13,3,466.912360792329,UAE,T-shirt,1400.737082376987
811131,77263,2023-12-26,4,255.75161048234213,UK,Bags,1023.0064419293685
551015,69634,2023-11-13,2,1381.985671620742,USA,T-shirt,2763.971343241484
506332,20800,2023-05-25,3,1338.4184165628456,UK,Shoes,4015.2552496885364
256542,47823,2023-11-23,9,1903.682424580752,USA,Perfume,17133.141821226767
273416,73878,2023-12-29,3,1472.8729066121205,USA,Watch,4418.618719836361
405062,28708,2023-02-19,5,151.48938557445632,USA,T-shirt,757.4469278722815
938656,22819,2023-03-06,2,1774.2780891614607,UK,Watch,3548.5561783229214
663586,84905,2023-12-21,4,1732.2165677441653,UK,Watch,6928.866270976661
601708,73870,2023-10-15,7,914.4746255067624,USA,Perfume,6401.322378547337
966651,19283,2023-06-13,7,1192.432948529447,India,T-shirt,8347.030639706129
161629,40573,2023-05-21,3,1953.3527483214118,India,Watch,5860.058244964235
428184,88707,2023-11-10,5,1087.9935095039243,India,Shoes,5439.967547519622
592734,40933,2023-05-08,1,1815.377565333375,UAE,Bags,1815.377565333375
855195,15774,2023-08-27,1,211.92557772986356,India,Bags,211.92557772986356
390160,82055,2023-11-20,5,422.55114398193155,UK,Perfume,2112.7557199096577
648248,20983,2023-10-23,9,909.4721397105698,India,T-shirt,8185.249257395128
920023,28133,2023-07-06,1,1190.2757762577442,UK,T-shirt,1190.2757762577442
313920,24939,2023-07-27,1,1641.6443111324604,UAE,Bags,1641.6443111324604
989765,10781,2023-08-08,4,1977.1111245292143,UK,Shoes,7908.444498116857
342804,66700,2023-07-09,4,808.2604181245271,UK,Bags,3233.0416724981083
476965,37624,2023-12-12,2,142.4604904731656,UK,Bags,284.9209809463312
560857,16823,2023-10-11,9,1612.2844314258834,India,T-shirt,14510.559882832951
922827,28489,2023-12-18,9,1228.5424022114757,USA,Watch,11056.88161990328
604492,49961,2023-08-25,2,437.15857479299325,UK,Shoes,874.3171495859865
753983,39118,2023-07-13,9,1014.9154904117693,India,T-shirt,9134.239413705924
515916,91816,2023-10-14,6,1497.5049787907626,India,Bags,8985.029872744575
921052,32263,2023-09-16,8,1552.3029847838554,India,Watch,12418.423878270843
858574,23565,2023-09-03,4,1024.2559033975858,USA,Shoes,4097.023613590343
228148,30354,2023-05-16,2,645.1683337512753,USA,Perfume,1290.3366675025507
906991,52951,2023-10-07,2,1948.7980349750624,USA,Shoes,3897.5960699501247
586261,33648,2023-09-28,9,1343.557091365161,USA,Shoes,12092.01382228645
455540,60729,2023-06-20,1,846.0631627252825,UAE,Bags,846.0631627252825
292714,51971,2023-06-08,7,596.9032871990722,USA,Bags,4178.323010393506
831899,28658,2023-07-20,3,1475.6508168569462,USA,Perfume,4426.952450570839
383876,31253,2023-02-14,3,522.257718907847,USA,Perfume,1566.773156723541
359747,74166,2023-09-21,2,384.8344784986919,UK,Perfume,769.6689569973838
715650,58563,2023-03-12,6,1083.176083476037,UK,T-shirt,6499.056500856223
523570,36390,2023-12-30,2,615.4754156560766,USA,T-shirt,1230.9508313121532
375987,98664,2023-04-13,4,1276.3650326010493,UAE,Bags,5105.460130404197
738353,61578,2023-05-05,9,279.9804160047553,UK,Bags,2519.8237440427974
958158,89025,2023-11-09,9,1327.135153906277,India,Perfume,11944.216385156495
117640,42658,2023-10-13,6,602.4282295955194,UK,T-shirt,3614.569377573116
152528,16852,2023-08-18,4,50.473722147299824,India,Watch,201.8948885891993
924845,12551,2023-05-26,7,297.5253124646439,UK,T-shirt,2082.6771872525073
359214,81947,2023-07-16,1,1870.5499867784335,USA,Bags,1870.5499867784335
939070,71001,2023-08-09,4,1741.3415462749476,UK,T-shirt,6965.3661850997905
601108,59159,2023-03-01,5,505.5376124706618,USA,Bags,2527.6880623533093
734421,61707,2023-04-08,8,1567.8252138637079,USA,Perfume,12542.601710909663
468501,43243,2023-06-20,2,1236.7146066892499,UK,Perfume,2473.4292133784998
824226,31800,2023-06-22,5,1943.2641873272455,India,Perfume,9716.320936636228
250159,85939,2023-05-31,6,778.5310360914152,India,Watch,4671.186216548491
272502,67828,2023-12-16,5,1378.848194408484,UK,Watch,6894.24097204242
255576,17239,2023-05-02,9,173.89465872664124,USA,Bags,1565.051928539771
965291,16710,2023-04-18,1,822.6823262919916,India,Shoes,822.6823262919916
986089,31384,2023-01-04,3,1929.444439316952,UAE,Watch,5788.333317950855
111023,31038,2023-04-03,2,1101.0127051777351,USA,Bags,2202.0254103554703
645735,50846,2023-01-06,3,611.365031502947,UK,T-shirt,1834.095094508841
488043,97983,2023-10-15,9,284.52837810078336,USA,Perfume,2560.75540290705
386103,77821,2023-04-16,9,1421.8802633539844,UAE,Perfume,12796.922370185861
166203,47991,2023-05-26,2,1307.4692846879673,UAE,Perfume,2614.9385693759345
260775,89057,2023-09-28,3,779.1804915273605,India,Bags,2337.5414745820813
109337,16971,2023-04-06,4,1904.335636138377,UAE,Perfume,7617.342544553508
670715,39139,2023-08-17,9,93.29548532630812,USA,Watch,839.6593679367732
614723,95445,2023-07-21,3,642.2615106820604,India,T-shirt,1926.784532046181
423673,87067,2023-07-31,7,1846.0854982841838,UAE,Perfume,12922.598487989286
464167,90257,2023-01-06,3,675.8241047229087,India,Bags,2027.4723141687261
446809,94742,2023-04-22,7,541.8930260175823,India,T-shirt,3793.2511821230764
730075,47711,2023-11-19,7,1091.7297993659322,UK,Perfume,7642.108595561525
787281,16530,2023-04-16,9,1656.413412345049,India,Shoes,14907.720711105441
395451,21116,2023-05-19,2,251.13618371280407,India,Perfume,502.27236742560814
520571,75794,2023-10-26,6,1888.8903838091856,UAE,Watch,11333.342302855113
227016,10282,2023-04-06,9,1600.3921183032699,USA,T-shirt,14403.529064729428
891267,89473,2023-12-03,2,403.4379983255263,USA,Watch,806.8759966510526
644447,11898,2023-10-24,2,1438.4155243364173,UAE,Shoes,2876.8310486728346
597562,14135,2023-08-02,5,800.6695091432365,USA,Shoes,4003.3475457161826
802965,16629,2023-10-18,8,834.4746222488214,India,Watch,6675.796977990572
483934,95120,2023-01-22,9,1577.4156802557895,UK,T-shirt,14196.741122302106
992048,99087,2023-07-12,2,1927.4303755624278,India,Shoes,3854.8607511248556
965184,75031,2023-05-30,5,296.97895205202815,India,Shoes,1484.8947602601406
417428,43380,2023-09-04,7,870.2289619136978,UK,Perfume,6091.602733395885
419187,27071,2023-09-24,6,987.8361357643919,UAE,Bags,5927.016814586352
790907,30074,2023-09-08,6,783.8080430622454,India,Shoes,4702.848258373472
983439,77843,2023-01-03,7,758.2187912466388,India,T-shirt,5307.531538726472
182844,49901,2023-11-12,3,151.92390174511326,UAE,T-shirt,455.77170523533977
651820,21205,2023-03-17,3,1386.8003100971155,India,Perfume,4160.400930291346
265421,65661,2023-03-28,9,900.6181133840885,India,T-shirt,8105.563020456796
222402,15906,2023-09-27,8,429.8479151556572,USA,Perfume,3438.7833212452574
218012,12591,2023-08-13,5,1641.2653294890333,UAE,Shoes,8206.326647445167
538661,72987,2023-01-18,6,1614.9934588956744,India,Shoes,9689.960753374045
498929,73370,2023-04-23,1,998.4636747733429,India,Shoes,998.4636747733429
680466,90685,2023-09-08,1,631.978789238133,UK,Shoes,631.978789238133
673695,64400,2023-08-21,4,1294.2808153030821,UK,Bags,5177.1232612123285
563556,35150,2023-11-25,2,611.896664765936,UK,Bags,1223.793329531872
675278,41852,2023-10-06,7,510.2154641312385,India,Shoes,3571.5082489186693
229473,52870,2023-07-21,2,1474.503575351337,India,T-shirt,2949.007150702674
578007,62756,2023-03-24,2,128.63421745585387,UK,Perfume,257.26843491170774
944573,66481,2023-05-05,5,234.79851851745823,USA,Watch,1173.9925925872913
517009,11283,2023-06-24,4,63.236939346000064,USA,Perfume,252.94775738400025
418714,43691,2023-03-10,8,348.23921362708097,USA,Watch,2785.9137090166478
326156,11125,2023-02-16,4,184.53051698539593,USA,Watch,738.1220679415837
268964,77065,2023-09-13,6,1991.8146171708413,UAE,Shoes,11950.887703025048
625303,36170,2023-08-03,5,613.1794414104747,UK,Watch,3065.8972070523737
161813,18438,2023-01-30,2,341.0726247050322,India,Shoes,682.1452494100644
127712,30095,2023-10-08,8,519.94270309204,UK,Bags,4159.54162473632
724785,26154,2023-08-25,2,1875.4448645032626,USA,T-shirt,3750.889729006525
867214,18004,2023-09-05,9,1064.3124348975716,India,Watch,9578.811914078145
212816,19752,2023-01-25,9,761.395287800321,UAE,T-shirt,6852.557590202889
228778,65426,2023-03-15,3,1753.1133429229778,UK,Shoes,5259.340028768934
686580,36819,2023-07-25,4,820.2310275706133,India,Watch,3280.924110282453
385977,34217,2023-11-10,8,703.2667114175068,India,Perfume,5626.133691340055
235230,98708,2023-04-04,9,454.2009189719843,USA,Bags,4087.808270747859
818040,42994,2023-05-07,3,786.7038066233524,USA,Bags,2360.111419870057
906741,25036,2023-01-25,5,667.5344942330057,UK,Watch,3337.6724711650286
369114,87275,2023-11-30,8,1370.742720631375,UAE,Bags,10965.941765051
434618,59416,2023-12-21,3,614.6862741079178,India,Perfume,1844.0588223237535
932972,19587,2023-04-26,7,1175.5395055239949,USA,T-shirt,8228.776538667964
251456,10645,2023-02-17,8,178.48972181234677,UK,Perfume,1427.9177744987742
904449,40930,2023-08-14,3,423.01385555820303,USA,Bags,1269.0415666746092
962312,91835,2023-09-23,2,844.4402796421301,UK,T-shirt,1688.8805592842602
205570,40090,2023-04-09,7,1877.0510451219561,USA,Perfume,13139.357315853693
370846,97489,2023-01-11,9,785.641372145606,UAE,Shoes,7070.772349310455
100404,62142,2023-03-26,1,1344.9445363396765,India,Shoes,1344.9445363396765
803286,36475,2023-08-02,3,547.4200837217263,USA,T-shirt,1642.260251165179
374907,28888,2023-06-22,5,297.71547314780184,India,T-shirt,1488.577365739009
773744,53732,2023-07-28,3,164.14637015609776,UK,T-shirt,492.4391104682933
815460,91623,2023-03-05,1,645.5563221583651,UAE,Shoes,645.5563221583651
984574,56305,2023-09-15,7,357.43900225397056,India,Perfume,2502.073015777794
765220,56037,2023-11-28,7,389.3203736314422,USA,T-shirt,2725.2426154200953
335365,19346,2023-05-01,8,1533.4806513545525,India,Shoes,12267.84521083642
442786,10587,2023-10-25,5,80.88423834250472,India,T-shirt,404.4211917125236
150612,22763,2023-02-23,5,1137.729745184097,UK,T-shirt,5688.648725920485
910006,69165,2023-11-27,5,789.9496921572563,UAE,T-shirt,3949.7484607862816
909956,79615,2023-09-29,1,1037.7724998216672,UAE,Shoes,1037.7724998216672
300244,46116,2023-08-29,5,1147.5189625684757,India,Perfume,5737.594812842379
897348,95751,2023-08-31,6,661.0670041916925,India,Shoes,3966.402025150155
104809,35556,2023-01-18,1,625.4622773593563,UK,Shoes,625.4622773593563
263273,69042,2023-07-06,7,1480.1336062030662,India,T-shirt,10360.935243421463
808690,28099,2023-12-12,1,1748.9901268362564,UK,Watch,1748.9901268362564
244528,55096,2023-05-24,2,425.5341832941294,UAE,Watch,851.0683665882588
606964,81986,2023-09-19,2,240.35658304354047,UAE,Watch,480.71316608708094
549613,23230,2023-12-30,5,1800.7018224644505,UK,Shoes,9003.509112322252
138765,39009,2023-08-27,7,732.2961541124274,India,T-shirt,5126.073078786992
931538,80969,2023-10-31,1,1125.0689117924876,UAE,Watch,1125.0689117924876
416076,43866,2023-10-25,1,751.1091318140068,USA,Bags,751.1091318140068
943523,94246,2023-03-17,1,295.3145558748,UK,Bags,295.3145558748
646237,86975,2023-07-07,6,1199.1967076480696,UAE,Bags,7195.180245888418
301152,51855,2023-11-29,2,1074.0246609507778,UAE,Perfume,2148.0493219015557
399888,91557,2023-09-03,1,445.83744042283456,UAE,T-shirt,445.83744042283456
800903,16416,2023-05-10,6,931.1446370719418,USA,Shoes,5586.867822431651
994751,82516,2023-11-11,2,1604.0476328305094,USA,Shoes,3208.095265661019
192193,65915,2023-10-10,6,1201.3309010603882,USA,T-shirt,7207.98540636233
136187,28058,2023-03-20,8,238.98878778063997,India,Perfume,1911.9103022451197
605950,86637,2023-03-13,2,1118.6419195968133,UK,T-shirt,2237.2838391936266
238311,50718,2023-09-20,9,1420.3396836146944,India,Perfume,12783.05715253225
900921,42602,2023-07-10,8,1595.771641272465,USA,Watch,12766.17313017972
608153,84658,2023-03-04,1,1276.7792783368202,UK,Watch,1276.7792783368202
289089,88112,2023-01-12,7,347.68342085452826,India,Perfume,2433.783945981698
686165,68067,2023-05-21,6,1434.8378698508134,India,T-shirt,8609.02721910488
536341,37516,2023-09-11,6,1370.816599858957,India,Watch,8224.899599153741
412066,97969,2023-02-12,6,97.63242173423478,USA,T-shirt,585.7945304054088
718362,11089,2023-01-17,6,852.9079518009742,UAE,Watch,5117.447710805845
787409,47346,2023-03-04,7,699.2529815766279,UK,T-shirt,4894.770871036395
661419,84663,2023-09-10,3,1355.3535252946047,USA,T-shirt,4066.0605758838137
740053,20487,2023-10-19,6,471.4648340062954,UK,Bags,2828.7890040377724
960395,10155,2023-01-08,3,1202.2002497998042,USA,Perfume,3606.6007493994125
731172,77494,2023-11-21,7,1830.751625537636,India,Shoes,12815.261378763453
225917,86229,2023-03-31,7,1605.714625806785,India,Perfume,11240.002380647496
910717,48547,2023-07-27,8,1846.8425856222343,UAE,T-shirt,14774.740684977874
399770,38795,2023-10-19,2,1958.0866355187454,UAE,T-shirt,3916.173271037491
798168,65296,2023-10-11,9,70.80674766201739,UK,Perfume,637.2607289581565
581680,31447,2023-04-28,5,1264.3454889360812,UAE,T-shirt,6321.727444680406
381342,46598,2023-12-15,9,855.0368256298675,UAE,Watch,7695.331430668808
639542,51814,2023-06-24,5,1726.7162561534874,UK,T-shirt,8633.581280767437
144238,85330,2023-03-17,7,541.0386689178068,USA,Perfume,3787.270682424648
101252,97960,2023-04-11,9,1963.0075037743984,UAE,Perfume,17667.067533969584
926196,73278,2023-05-31,4,1246.7305406103071,USA,Perfume,4986.9221624412285
964141,65077,2023-09-27,2,1597.3979343462204,India,Bags,3194.7958686924408
585450,81906,2023-03-12,9,216.91912800439823,UAE,Bags,1952.2721520395842
415826,19528,2023-06-29,2,407.74287527978686,India,Bags,815.4857505595737
421638,60100,2023-05-04,3,1528.8871624166961,India,Bags,4586.661487250089
705605,18179,2023-10-20,2,92.87371797668104,USA,Bags,185.74743595336207
427359,58781,2023-10-12,3,1642.9120724928764,UK,Bags,4928.736217478629
702875,65267,2023-07-14,6,77.20058644922733,UAE,Bags,463.203518695364
106949,92379,2023-08-16,3,1331.381736169483,USA,Perfume,3994.1452085084493
863185,33952,2023-10-02,8,761.9331444520215,UK,Shoes,6095.465155616172
417537,63798,2023-04-16,6,1242.4149628024384,India,Bags,7454.48977681463
828913,60939,2023-01-21,7,1407.2612436287718,UAE,Perfume,9850.828705401404
762301,39516,2023-03-05,1,717.8266774132932,India,Shoes,717.8266774132932
650222,66526,2023-06-14,3,260.5267738161293,India,Bags,781.580321448388
880722,20449,2023-01-27,3,185.809442109118,UAE,Shoes,557.4283263273541
555102,60290,2023-11-07,2,1198.4252439969682,UK,Shoes,2396.8504879939364
437889,96661,2023-10-12,7,1065.2779397815175,UK,Watch,7456.945578470622
576467,82954,2023-05-28,9,1497.2919677862085,UAE,T-shirt,13475.627710075876
456600,32746,2023-10-08,4,1043.9842445076774,UAE,Watch,4175.93697803071
415557,77990,2023-11-22,5,873.7692905602142,USA,Shoes,4368.846452801071
983671,68810,2023-11-15,3,826.2699975606502,USA,Perfume,2478.8099926819505
404462,93297,2023-06-13,9,101.57146006545156,India,Bags,914.143140589064
350875,25223,2023-08-12,4,704.3365433084814,UAE,T-shirt,2817.3461732339256
563389,82237,2023-09-29,5,1953.2393071727638,UK,Bags,9766.196535863819
170390,12597,2023-05-26,1,1753.4333736428232,India,Perfume,1753.4333736428232
807689,75677,2023-12-22,2,692.2872307167245,India,T-shirt,1384.574461433449
353490,12659,2023-01-30,9,1196.2010398794257,India,Watch,10765.809358914832
667376,96516,2023-02-14,2,1702.2286537942132,India,Shoes,3404.4573075884264
347940,84567,2023-10-02,5,910.4849566626339,UK,Perfume,4552.424783313169
465340,25037,2023-02-03,8,85.01783431279438,India,Shoes,680.142674502355
533027,56738,2023-05-21,3,195.29540054634813,UAE,Shoes,585.8862016390444
608041,81678,2023-11-14,6,1045.2658066299778,USA,Bags,6271.594839779867
417623,22109,2023-08-09,4,1940.4067825679629,UK,Perfume,7761.6271302718515
316464,32010,2023-12-22,7,1401.7586073267921,UAE,Shoes,9812.310251287545
842729,18787,2023-01-22,3,188.2865733052106,UAE,Watch,564.8597199156318
610736,18472,2023-06-29,6,419.2537077941324,UAE,T-shirt,2515.5222467647945
906395,33383,2023-11-25,9,1554.0801292728574,USA,Perfume,13986.721163455717
417267,71709,2023-08-19,1,1690.8075319146774,USA,Bags,1690.8075319146774
750199,79785,2023-02-07,3,1254.5044430677522,USA,Perfume,3763.5133292032565
988900,44518,2023-03-11,2,1306.6251807781423,UAE,Bags,2613.2503615562846
323777,63909,2023-04-26,8,105.25802824760005,USA,T-shirt,842.0642259808004
959909,28351,2023-08-27,7,1665.6340061839417,India,Watch,11659.438043287591
900820,79624,2023-12-01,2,1587.1366559331177,USA,Shoes,3174.2733118662354
105569,63330,2023-05-28,6,555.1185310015269,UK,Perfume,3330.7111860091613
694124,25282,2023-01-09,3,1431.9196039327385,UAE,Bags,4295.758811798216
728861,94866,2023-10-15,8,468.96648252874627,UAE,T-shirt,3751.73186022997
529802,31778,2023-02-19,3,128.64381405045032,India,Shoes,385.93144215135095
358090,34264,2023-12-04,9,442.2162580512357,USA,T-shirt,3979.9463224611213
767375,69675,2023-01-05,1,398.32630967088403,USA,Watch,398.32630967088403
145002,15075,2023-12-09,5,708.6085936329521,UK,Shoes,3543.04296816476
871954,85948,2023-05-06,3,865.9765194921433,India,Shoes,2597.92955847643
761614,58454,2023-03-16,6,1041.6508384205304,UK,Shoes,6249.905030523182
779574,38365,2023-06-14,2,979.6700572412399,UK,Bags,1959.3401144824797
598870,82766,2023-10-05,9,577.8154816323142,UAE,Shoes,5200.339334690828
311791,58200,2023-11-20,6,106.8828037194452,UAE,T-shirt,641.2968223166713
302846,21002,2023-10-27,7,1229.948163362444,USA,Bags,8609.637143537107
761450,23947,2023-10-17,5,821.702418202341,USA,Shoes,4108.512091011706
766997,89222,2023-03-18,9,632.4107069057219,UK,T-shirt,5691.696362151497
777775,88610,2023-10-25,1,1740.535033519499,USA,T-shirt,1740.535033519499
124071,62142,2023-05-17,5,1506.1494502064115,UK,Perfume,7530.747251032058
682531,66307,2023-04-16,6,1722.6428193262623,USA,T-shirt,10335.856915957575
994647,14493,2023-04-05,7,1015.2164496892989,USA,Watch,7106.515147825092
272312,60085,2023-05-15,4,305.31594164721605,UAE,Shoes,1221.2637665888642
357218,44228,2023-03-09,1,1407.6318004364812,UAE,Shoes,1407.6318004364812
314879,89676,2023-05-27,8,451.8438708774917,UAE,Shoes,3614.750967019934
463714,61875,2023-06-08,4,910.3978547288477,UAE,T-shirt,3641.591418915391
526650,41655,2023-06-12,3,176.7515384503326,India,T-shirt,530.2546153509977
431868,53472,2023-12-07,7,1659.3513847248157,UAE,Shoes,11615.45969307371
962129,59437,2023-07-08,2,295.58425004262614,India,Bags,591.1685000852523
653020,59416,2023-12-05,8,1811.0401387461538,UAE,Bags,14488.32110996923
745753,69711,2023-04-05,6,1735.2496744100363,USA,Watch,10411.498046460218
517170,16816,2023-06-30,7,955.9363906565299,UK,Perfume,6691.554734595709
157108,87175,2023-10-15,5,1501.5179983927817,USA,Watch,7507.589991963909
580721,74307,2023-11-18,9,1257.9178939453989,USA,Shoes,11321.26104550859
211195,56733,2023-07-06,5,1615.9975025586025,India,Shoes,8079.987512793013
989513,21240,2023-05-18,5,892.0199465325285,UAE,Shoes,4460.099732662642
136668,81363,2023-05-10,3,1582.3265442764825,UK,Perfume,4746.979632829448
385205,42762,2023-07-13,1,951.7907932770386,UK,T-shirt,951.7907932770386
441396,18259,2023-11-12,2,1884.883286293448,UAE,Perfume,3769.766572586896
664037,60139,2023-09-30,8,998.4255966090378,India,Watch,7987.404772872303
230560,24849,2023-12-18,1,952.1075802707726,India,T-shirt,952.1075802707726
466824,91768,2023-05-24,7,1580.8901300488499,India,T-shirt,11066.230910341948
247979,99709,2023-01-16,5,1652.076498933634,UK,Watch,8260.38249466817
249849,64869,2023-10-29,3,1131.253772926283,India,T-shirt,3393.7613187788493
848589,73095,2023-09-02,7,400.60573631539705,India,Bags,2804.2401542077796
151745,80910,2023-04-17,9,962.12855036728,UK,Watch,8659.15695330552
470608,96710,2023-03-29,2,1937.7413806738728,UK,Watch,3875.4827613477455
191865,33567,2023-05-09,8,1518.323076426411,USA,Bags,12146.584611411288
998860,45292,2023-12-07,9,1631.7670775643078,UK,Perfume,14685.90369807877
312890,84813,2023-01-04,3,114.00972269751826,UAE,Perfume,342.02916809255476
123624,61631,2023-11-23,2,962.3259521366118,UK,Perfume,1924.6519042732236
123321,19885,2023-11-02,7,1310.911210632233,UK,T-shirt,9176.37847442563
503704,69659,2023-04-05,5,1668.5637330747456,India,Bags,8342.818665373728
909006,64306,2023-07-28,5,146.08362448640435,USA,Watch,730.4181224320217
274293,76314,2023-08-13,5,1712.2558270016525,India,Watch,8561.279135008263
883415,75087,2023-12-14,4,1119.3818266467279,USA,Watch,4477.527306586911
286717,39165,2023-11-17,5,434.76224262331687,India,T-shirt,2173.8112131165844
480975,68929,2023-02-16,4,668.647672076915,UAE,T-shirt,2674.59068830766
283868,77028,2023-06-30,6,599.7626259155435,India,Perfume,3598.5757554932607
759792,59812,2023-04-16,4,1085.1751168625278,India,T-shirt,4340.700467450111
195257,60500,2023-07-18,2,150.78707582670705,UAE,Perfume,301.5741516534141
688579,89151,2023-04-16,9,359.1455090748509,UAE,Perfume,3232.309581673658
310176,68643,2023-10-07,2,1634.7514345827758,UK,Watch,3269.5028691655516
290471,54900,2023-09-17,9,308.57778195628157,India,T-shirt,2777.2000376065344
572930,52946,2023-04-18,6,505.1227254433476,UAE,Perfume,3030.7363526600857
936860,17851,2023-01-19,9,934.0726809281068,UAE,Bags,8406.654128352962
843091,26288,2023-10-23,9,1058.3857318209944,UK,Bags,9525.471586388949
618862,82692,2023-11-02,3,1539.0404352476094,USA,T-shirt,4617.121305742829
575774,77580,2023-06-20,1,922.2982319990662,UAE,Watch,922.2982319990662
735605,17368,2023-11-27,1,1590.2360110193006,UAE,Watch,1590.2360110193006
239789,95436,2023-07-14,3,1255.775298738642,India,Perfume,3767.325896215926
489593,56403,2023-01-12,5,270.5444918764538,UK,T-shirt,1352.7224593822689
915131,19168,2023-07-14,3,354.8463048660352,India,Bags,1064.5389145981057
173686,96497,2023-10-10,9,902.2157646270531,USA,Perfume,8119.941881643478
167661,59879,2023-07-01,9,823.9343165236272,UK,Perfume,7415.408848712645
668535,69871,2023-11-01,3,1499.9113257927245,India,Shoes,4499.733977378173
345121,99388,2023-05-24,3,1182.4374226048362,UAE,T-shirt,3547.3122678145087
772108,42174,2023-11-12,5,806.8595079543861,UAE,Perfume,4034.2975397719306
467257,16581,2023-07-01,2,382.98255272825196,UK,Bags,765.9651054565039
366765,81853,2023-01-30,6,492.33234953471555,UAE,Shoes,2953.994097208293
246106,74046,2023-03-25,7,1172.226986014665,India,Bags,8205.588902102656
358930,59678,2023-06-15,9,875.7056695545953,UK,Watch,7881.351025991357
760482,36649,2023-10-11,6,1054.1086422783105,UAE,Shoes,6324.651853669863
904462,98668,2023-10-08,3,382.82099883935564,UAE,Shoes,1148.462996518067
969270,92325,2023-04-06,5,1342.6671920719034,USA,Perfume,6713.335960359517
971149,24567,2023-09-23,4,1712.4505446691358,USA,Watch,6849.802178676543
548874,90404,2023-10-25,5,552.9820382344561,UK,Perfume,2764.9101911722805
662926,99906,2023-10-23,8,1008.4527403720618,USA,T-shirt,8067.621922976495
953499,71944,2023-08-13,8,1952.2782915907585,India,Bags,15618.226332726068
218033,88002,2023-11-29,6,699.8213940739189,UAE,Bags,4198.928364443514
730265,38803,2023-12-27,1,1210.3403726013344,UAE,Perfume,1210.3403726013344
713157,28230,2023-02-11,8,225.88161539047653,UAE,Bags,1807.0529231238122
729474,27862,2023-10-30,8,1231.7292548349142,UK,Bags,9853.834038679313
921106,53355,2023-09-03,2,224.78195794400492,UK,T-shirt,449.56391588800983
266926,41259,2023-07-27,4,1920.509098881453,USA,Watch,7682.036395525812
670559,97445,2023-08-25,2,1445.5421715410073,UAE,Shoes,2891.0843430820146
960120,40795,2023-01-22,4,1586.9115868646275,UAE,Perfume,6347.64634745851
531734,18770,2023-07-04,7,1423.003503504692,UAE,Perfume,9961.024524532844
473220,21093,2023-08-30,9,1199.9716203491082,UAE,T-shirt,10799.744583141974
765627,56571,2023-12-29,8,927.3299231167355,UAE,T-shirt,7418.639384933884
321897,10193,2023-10-10,9,1723.8280905340716,India,Shoes,15514.452814806646
101062,27569,2023-02-10,8,1915.829551708973,UAE,Watch,15326.636413671784
347736,21190,2023-12-02,2,1023.1205371629585,India,Perfume,2046.241074325917
674736,72824,2023-06-11,7,1866.4933458527607,UAE,T-shirt,13065.453420969325
195462,52752,2023-06-09,2,1187.4991744776091,UK,Perfume,2374.9983489552183
499445,42327,2023-03-30,2,1099.8491644480448,UK,Bags,2199.6983288960896
550009,52070,2023-11-18,4,936.2413292629456,India,Perfume,3744.965317051782
870173,95925,2023-01-12,1,458.11113498373373,UAE,Watch,458.11113498373373
672203,50197,2023-03-14,5,57.25333859521542,UK,Watch,286.2666929760771
366776,12261,2023-03-17,6,520.9371423693194,UK,Perfume,3125.6228542159165
728880,36512,2023-12-12,9,1043.960184626952,UAE,Bags,9395.641661642569
758956,16716,2023-07-20,8,790.9219069065175,UAE,Watch,6327.37525525214
471923,96795,2023-01-10,2,924.546194605136,UK,T-shirt,1849.092389210272
499384,38933,2023-12-18,1,1962.2640281498966,UAE,Perfume,1962.2640281498966
732387,14378,2023-08-14,2,733.0311228051888,USA,Bags,1466.0622456103777
631849,50583,2023-06-25,7,931.7567317522104,UAE,T-shirt,6522.297122265472
567010,95371,2023-10-03,4,310.35532513799814,UK,Perfume,1241.4213005519925
706440,39033,2023-02-08,5,143.5175782521259,UK,Bags,717.5878912606295
749324,34000,2023-03-01,7,1562.0485534553645,India,T-shirt,10934.339874187552
486193,85868,2023-03-07,3,1162.8321913903583,USA,Watch,3488.496574171075
126734,52604,2023-11-17,2,1533.3743717855953,UK,Perfume,3066.7487435711905
126069,78336,2023-05-04,7,342.2324578287757,USA,Perfume,2395.62720480143
835265,83869,2023-06-13,5,1165.0661038062474,UAE,Watch,5825.330519031237
637198,15410,2023-06-08,1,544.6028249656823,UK,Shoes,544.6028249656823
435623,93375,2023-02-26,1,494.72054295503887,India,T-shirt,494.72054295503887
570951,66044,2023-03-19,9,72.47572740332126,UK,Watch,652.2815466298913
181264,73315,2023-07-13,5,304.1644109596902,India,Perfume,1520.822054798451
123275,81344,2023-10-12,1,653.0728174244059,USA,T-shirt,653.0728174244059
696562,16796,2023-01-15,7,277.91358315233117,India,T-shirt,1945.395082066318
574665,96716,2023-01-12,9,1972.4239588013281,UAE,Shoes,17751.815629211953
462920,64245,2023-04-11,1,651.8336646217039,UAE,Perfume,651.8336646217039
291076,53056,2023-06-05,4,304.1316960695399,UAE,Bags,1216.5267842781595
294053,27709,2023-12-06,3,438.2105100145176,UK,Shoes,1314.6315300435526
809913,68557,2023-05-05,5,1196.0212952658792,UAE,Shoes,5980.106476329396
672735,27543,2023-12-25,7,174.88487153633758,UAE,Bags,1224.194100754363
699991,47418,2023-10-07,8,1731.746553775256,UK,Bags,13853.972430202048
962522,26724,2023-04-20,2,1924.9243745124372,USA,Shoes,3849.8487490248745
903692,13828,2023-11-30,7,531.1574703013928,UAE,T-shirt,3718.102292109749
212581,27087,2023-12-23,1,927.6857737521757,UAE,Watch,927.6857737521757
365956,22605,2023-05-26,7,93.16217950751928,UK,Watch,652.1352565526349
521240,41337,2023-08-04,8,1299.384938218082,USA,Shoes,10395.079505744656
814016,15482,2023-06-11,2,857.1558132025483,USA,T-shirt,1714.3116264050966
216421,75333,2023-05-08,9,576.6140088980336,USA,Bags,5189.5260800823025
625893,98296,2023-11-10,1,453.33236570238654,UK,Shoes,453.33236570238654
564374,60952,2023-11-28,6,1325.3450014345829,India,Perfume,7952.070008607498
172303,15463,2023-05-30,1,861.6232105130132,India,T-shirt,861.6232105130132
258211,80448,2023-02-05,3,400.33561360832846,UAE,Perfume,1201.0068408249854
287210,14648,2023-06-22,6,1393.762708899307,UAE,Perfume,8362.576253395842
886237,43623,2023-01-22,3,1151.8909519215526,UAE,Shoes,3455.672855764658
962557,69156,2023-07-25,8,1724.4105071125175,India,T-shirt,13795.28405690014
244990,45634,2023-05-07,5,279.07800280916115,UK,Perfume,1395.3900140458059
258518,54602,2023-12-02,2,1582.0498737916894,UAE,T-shirt,3164.0997475833788
224040,59334,2023-12-22,4,1363.357734293655,UK,Watch,5453.43093717462
768406,78648,2023-08-05,9,274.27132681479077,UAE,Perfume,2468.441941333117
623138,32054,2023-04-06,4,1404.9004232498553,UK,Perfume,5619.601692999421
518034,80028,2023-06-13,8,911.0172133156693,UK,T-shirt,7288.137706525355
856254,32207,2023-05-28,5,1892.720331833894,India,Watch,9463.60165916947
890756,90650,2023-01-18,1,326.14213370490364,UK,Perfume,326.14213370490364
962755,91554,2023-10-21,7,1303.5251120906892,USA,Shoes,9124.675784634825
895543,31386,2023-07-14,3,794.8610886527446,India,T-shirt,2384.583265958234
640677,93276,2023-05-31,8,1915.7886076522116,UAE,T-shirt,15326.308861217693
746465,69518,2023-12-31,3,693.4510458160391,India,Perfume,2080.353137448117
403571,62781,2023-05-03,1,1926.2625235090104,USA,Watch,1926.2625235090104
784106,62780,2023-07-06,5,1807.8974096464608,USA,Perfume,9039.487048232304
222883,71440,2023-05-29,2,577.2473088557798,UK,Bags,1154.4946177115596
843246,54199,2023-04-14,4,1616.906464811534,USA,Perfume,6467.625859246136
862501,71035,2023-08-31,1,1991.4281935168367,USA,Bags,1991.4281935168367
487952,18210,2023-08-19,9,542.6928542340006,USA,Shoes,4884.235688106006
212221,54363,2023-07-25,6,901.7154801804734,USA,T-shirt,5410.29288108284
899666,88279,2023-07-17,8,1064.3524363051815,UAE,T-shirt,8514.819490441452
360669,70348,2023-12-03,4,625.1157148175354,UAE,Watch,2500.4628592701415
859224,65284,2023-03-28,9,79.76643730975803,India,Perfume,717.8979357878222
939873,82124,2023-05-22,2,479.252026185177,UK,Shoes,958.504052370354
625134,78847,2023-11-13,9,599.776924466429,UAE,Bags,5397.992320197861
635242,32432,2023-07-18,5,915.019417570465,USA,Watch,4575.097087852325
441383,74089,2023-02-15,6,383.64983290613367,UK,Shoes,2301.898997436802
344761,65398,2023-10-15,3,1752.8459955487615,UAE,Shoes,5258.5379866462845
932946,13321,2023-01-15,4,1424.5767088261055,India,Bags,5698.306835304422
974668,91348,2023-02-13,6,216.14093124134087,USA,Bags,1296.845587448045
984011,47383,2023-06-18,7,1317.6802797228663,UK,T-shirt,9223.761958060064
237541,88682,2023-11-06,1,1324.6301289909597,UAE,Perfume,1324.6301289909597
928533,89190,2023-02-13,7,1914.631288605074,UK,Watch,13402.419020235517
164323,62893,2023-04-08,1,55.890699144514436,UAE,Perfume,55.890699144514436
716210,45820,2023-09-18,5,533.468277121324,India,Watch,2667.34138560662
289139,76262,2023-04-19,6,1859.1933847818652,USA,Shoes,11155.160308691191
280448,13760,2023-10-10,2,1867.661135026652,India,Bags,3735.322270053304
800947,32190,2023-12-09,9,1455.1435177727428,USA,Bags,13096.291659954686
335659,77411,2023-04-14,6,1543.238476042703,USA,Shoes,9259.430856256218
489678,33377,2023-09-13,7,228.39176796281188,UK,Shoes,1598.7423757396832
954016,56737,2023-07-25,8,1052.0578778175554,UAE,Watch,8416.463022540443
204537,79569,2023-12-01,1,501.5868330135488,India,Shoes,501.5868330135488
964909,48211,2023-02-12,8,403.37518504655367,India,Watch,3227.0014803724293
341983,92909,2023-12-19,4,1630.0914332904986,India,Perfume,6520.365733161994
666821,13744,2023-09-02,8,313.32436652706747,UK,Bags,2506.5949322165397
888260,34995,2023-10-14,6,963.8706921429512,UK,Bags,5783.224152857707
101917,26977,2023-12-21,9,1880.2275671927644,UK,Bags,16922.04810473488
382762,44542,2023-09-30,4,412.372508352418,USA,Perfume,1649.490033409672
656542,20651,2023-03-24,2,1957.0871762895574,India,Perfume,3914.174352579115
886275,88931,2023-04-20,2,1988.861572234065,USA,T-shirt,3977.72314446813
467436,26715,2023-07-09,5,1133.4534516306858,India,Watch,5667.267258153429
609930,54409,2023-10-15,9,381.7783433454579,India,Watch,3436.0050901091213
671650,34306,2023-09-08,3,666.4045314847465,UAE,T-shirt,1999.2135944542395
382272,29086,2023-07-31,8,877.7610237192436,India,Bags,7022.088189753948
485925,24376,2023-10-18,4,653.1822374985347,UK,Watch,2612.728949994139
866641,71350,2023-05-13,6,597.2393807592058,UK,Watch,3583.436284555235
814743,81425,2023-07-20,6,1945.8479329718973,UK,Bags,11675.087597831383
689833,46636,2023-10-12,3,349.061413460704,UAE,Shoes,1047.184240382112
182180,96120,2023-11-22,5,1479.9894219978814,UAE,Shoes,7399.947109989407
712246,61649,2023-04-05,3,50.800064406391,USA,T-shirt,152.400193219173
503081,44610,2023-10-05,1,1212.5562053346348,India,Perfume,1212.5562053346348
401953,20058,2023-11-21,7,1836.0888577104022,India,Watch,12852.622003972816
478892,84637,2023-08-07,4,611.4714834817771,UK,Watch,2445.8859339271085
105287,88033,2023-03-30,7,411.7756517525524,UK,T-shirt,2882.429562267867
357665,80194,2023-03-13,3,1320.7756000129325,UK,T-shirt,3962.3268000387975
108512,86917,2023-09-04,5,1439.5727442318666,UK,Watch,7197.863721159333
756702,74200,2023-05-09,5,1391.6595119563635,UK,Bags,6958.297559781818
556292,56619,2023-07-31,2,672.6679160416794,UK,Bags,1345.3358320833588
208872,27154,2023-12-09,2,541.7946842106952,India,Perfume,1083.5893684213904
872042,29539,2023-04-06,4,1914.041659925986,UAE,Watch,7656.166639703944
193070,70058,2023-03-16,4,1850.4340411263624,UK,Watch,7401.73616450545
704055,72068,2023-02-23,4,941.7673892909996,India,Watch,3767.0695571639985
722117,87313,2023-12-10,6,1700.0780390010282,UK,Watch,10200.46823400617
529474,40373,2023-02-23,2,932.0307813868773,USA,T-shirt,1864.0615627737545
142078,43154,2023-08-06,6,877.5585852413952,USA,Shoes,5265.351511448372
468432,16031,2023-01-16,7,355.6877478186246,India,Watch,2489.814234730372
707812,81975,2023-04-09,3,881.491810159347,UAE,Shoes,2644.475430478041
327645,32785,2023-01-20,8,1097.9630302696237,USA,Bags,8783.70424215699
636507,88928,2023-02-15,2,93.88343848593861,USA,Perfume,187.76687697187722
886667,38669,2023-07-12,8,916.0203600920426,UAE,Bags,7328.16288073634
405073,12282,2023-02-27,5,1573.6446258706405,USA,Watch,7868.223129353202
227309,44624,2023-04-21,2,1376.0898099298263,UK,Bags,2752.1796198596526
429588,58438,2023-05-09,7,1288.5561282846734,UAE,T-shirt,9019.892897992713
763927,99900,2023-12-03,2,1823.633085452545,USA,Shoes,3647.26617090509
988266,77534,2023-07-13,6,85.16241915919852,UAE,Watch,510.9745149551911
564008,41705,2023-12-06,3,1136.2427930748565,UK,T-shirt,3408.72837922457
820801,48244,2023-11-22,9,1585.330254398929,USA,Shoes,14267.97228959036
446699,84964,2023-01-08,3,1105.603996267471,India,T-shirt,3316.811988802413
435842,47437,2023-01-29,3,681.5963275317393,USA,Bags,2044.788982595218
486594,87872,2023-04-22,5,315.6886019293568,USA,Watch,1578.443009646784
872608,84878,2023-06-10,7,1780.747990041573,UK,Bags,12465.235930291012
760775,82982,2023-05-11,8,967.9866651558258,India,Perfume,7743.893321246606
791519,60583,2023-07-07,7,1762.3246341221177,India,Watch,12336.272438854823
143925,48392,2023-06-12,9,1192.4116387446782,India,Bags,10731.704748702103
237023,17461,2023-07-16,5,1364.6746273992514,UK,Watch,6823.373136996257
187388,20516,2023-12-30,3,1618.3092510379774,UK,Shoes,4854.927753113932
632295,89285,2023-07-23,6,1335.353311970262,UK,Watch,8012.119871821572
357802,27514,2023-07-31,5,826.2069393239285,UK,Watch,4131.034696619643
535048,46268,2023-04-19,4,1051.5850986608693,UK,Shoes,4206.340394643477
158596,46788,2023-10-03,2,1615.9387731179656,India,Bags,3231.8775462359313
451005,85749,2023-03-14,7,778.6180779273192,UAE,Watch,5450.326545491234
879554,71049,2023-06-16,5,806.8368406985693,UK,T-shirt,4034.1842034928463
973172,72493,2023-09-17,4,236.59572631310223,UAE,Watch,946.3829052524089
639812,46027,2023-08-31,8,1833.439648682408,USA,Bags,14667.517189459264
622244,52849,2023-10-02,9,227.52081414361137,USA,Shoes,2047.6873272925025
512498,27858,2023-04-12,9,1314.007896024684,UK,Bags,11826.071064222157
779290,94162,2023-06-22,3,855.7292336654555,USA,Perfume,2567.1877009963664
599097,89003,2023-06-20,3,840.9578109981126,UAE,Watch,2522.8734329943377
749789,62395,2023-05-21,5,1375.1260813167337,USA,Watch,6875.630406583668
907043,49758,2023-07-07,5,180.8327786282635,USA,Shoes,904.1638931413174
248056,64312,2023-03-27,2,1207.7262767552975,UAE,Watch,2415.452553510595
114060,78670,2023-02-21,1,1555.4619826460919,USA,T-shirt,1555.4619826460919
838345,92279,2023-04-21,8,1665.0148778788587,UK,T-shirt,13320.11902303087
577272,25434,2023-12-31,3,382.5342593178618,UAE,Bags,1147.6027779535855
618545,74047,2023-12-08,1,1799.9671476524386,UAE,Shoes,1799.9671476524386
929735,57775,2023-02-12,1,1329.4848791025124,India,Perfume,1329.4848791025124
290279,85769,2023-07-30,2,1769.6168616003315,India,Bags,3539.233723200663
830406,76677,2023-07-19,6,996.2973983648866,UAE,Shoes,5977.784390189319
784647,93555,2023-10-25,6,1106.965022939544,UAE,Shoes,6641.790137637265
139711,95920,2023-12-12,3,1842.1246402059087,India,Bags,5526.373920617726
243026,55734,2023-08-28,4,1804.82360954161,UK,Bags,7219.29443816644
435484,98503,2023-04-25,2,923.9137030695539,USA,Watch,1847.8274061391078
565317,50603,2023-01-26,2,585.1046316895794,USA,Perfume,1170.2092633791588
318134,86708,2023-10-26,7,816.682347400315,USA,T-shirt,5716.7764318022055
202974,91926,2023-03-18,1,806.140440633012,UAE,Watch,806.140440633012
249646,78803,2023-05-17,7,609.3904062164482,UK,Shoes,4265.732843515138
502400,49332,2023-01-20,1,573.7302284492848,India,Perfume,573.7302284492848
250168,31312,2023-07-30,6,1729.072726135453,UK,Perfume,10374.436356812717
692016,94526,2023-08-28,3,186.2307453350903,UK,Bags,558.6922360052708
789376,54179,2023-02-08,8,1371.3418050942087,USA,Perfume,10970.73444075367
635534,81442,2023-09-25,6,386.99910034008195,India,Perfume,2321.994602040492
538774,50379,2023-07-26,2,721.7864921184233,UK,Shoes,1443.5729842368467
611937,27297,2023-09-24,8,170.00891656293186,India,Watch,1360.0713325034549
511597,12011,2023-06-03,5,576.448591868151,UAE,Perfume,2882.242959340755
192263,54014,2023-02-11,8,1548.421088678622,USA,Bags,12387.368709428976
635590,21738,2023-01-11,8,1775.7798828671544,India,Watch,14206.239062937235
953938,57498,2023-10-21,6,481.97794620961577,UAE,Bags,2891.8676772576946
665445,21120,2023-04-08,2,953.9182865548976,UAE,Perfume,1907.8365731097952
679205,18767,2023-10-02,8,967.1318934775525,UAE,Watch,7737.05514782042
323810,32852,2023-08-18,6,1753.4718462314818,UK,Perfume,10520.831077388892
196646,89239,2023-08-08,6,1537.4581531078206,UK,Shoes,9224.748918646925
445266,10929,2023-03-06,8,1050.5005758176972,USA,Watch,8404.004606541577
910951,87487,2023-12-21,1,1357.957040919958,USA,Bags,1357.957040919958
590025,27438,2023-08-20,2,1702.3423551232654,UAE,Shoes,3404.684710246531
580703,58515,2023-11-24,9,68.60096034981264,USA,T-shirt,617.4086431483138
443054,15744,2023-02-21,8,835.6355605475948,UK,Bags,6685.084484380758
957756,93820,2023-09-20,7,1819.1241761903034,USA,Perfume,12733.869233332123
367552,52417,2023-09-24,7,1493.6104101457051,India,Bags,10455.272871019935
159379,17069,2023-12-25,5,1108.5406799514456,UK,T-shirt,5542.703399757228
125053,52359,2023-11-13,2,1082.8068277185102,UAE,Bags,2165.6136554370205
502662,29799,2023-11-20,6,728.1516903286537,UAE,Shoes,4368.910141971922
756282,80188,2023-06-03,3,1065.0150406009534,USA,Bags,3195.04512180286
198723,99859,2023-12-24,4,1327.9972389537338,UK,Watch,5311.988955814935
675644,17597,2023-05-20,2,865.8079249361465,UAE,T-shirt,1731.615849872293
372933,57093,2023-02-20,2,1442.5986354647393,UAE,Bags,2885.1972709294787
984152,47226,2023-04-27,8,1729.4028431577524,UK,T-shirt,13835.222745262019
953088,82127,2023-02-15,8,351.63545396047925,UK,Shoes,2813.083631683834
930460,87362,2023-11-05,6,930.5166944939776,UAE,Watch,5583.100166963866
950916,36417,2023-03-29,5,845.6391780059081,USA,Perfume,4228.19589002954
132154,28693,2023-07-27,8,1390.5563678969697,USA,Bags,11124.450943175758
313942,89674,2023-09-26,4,537.2415572529623,USA,Shoes,2148.966229011849
364480,63161,2023-03-30,4,1298.4892841569388,India,T-shirt,5193.957136627755
465821,12169,2023-04-28,5,1761.1040213764015,UK,T-shirt,8805.520106882008
954211,94092,2023-02-23,1,865.3566195975642,UAE,Shoes,865.3566195975642
381173,32052,2023-04-26,1,1826.480614959479,India,Bags,1826.480614959479
945633,81849,2023-04-28,2,1986.669290920283,USA,Perfume,3973.338581840566
132265,83851,2023-09-17,8,256.87949739850654,India,Bags,2055.0359791880524
465060,18036,2023-03-16,7,504.45371657047434,UAE,Watch,3531.1760159933206
343322,41778,2023-11-01,9,1903.2405153900818,UAE,Bags,17129.164638510738
274944,37734,2023-01-07,5,1918.7389886387043,UK,Watch,9593.69494319352
670485,33173,2023-05-02,2,240.52918700417908,USA,T-shirt,481.05837400835816
548396,40403,2023-01-11,7,79.24707573541653,USA,Watch,554.7295301479157
254782,76321,2023-12-14,8,364.1450453500234,India,Perfume,2913.160362800187
784846,81675,2023-08-03,7,1992.224927595384,USA,Shoes,13945.574493167689
171907,16344,2023-10-06,7,400.9992523908394,India,Watch,2806.9947667358756
302967,28800,2023-01-28,5,1029.9678331079451,UAE,Bags,5149.839165539725
950867,35372,2023-08-23,2,1704.4145665394965,UAE,Watch,3408.829133078993
402775,71516,2023-11-09,6,89.78314084200235,UAE,T-shirt,538.6988450520141
491182,30538,2023-01-26,4,1228.753515403996,UAE,Watch,4915.014061615984
856892,73918,2023-02-23,2,590.1996252957674,UAE,Perfume,1180.3992505915348
382247,24973,2023-01-29,9,1731.5530870574767,India,Watch,15583.97778351729
164772,81155,2023-12-19,7,602.7492410649544,UAE,Perfume,4219.24468745468
226108,69500,2023-06-13,6,1389.1736545497224,India,Bags,8335.041927298334
114382,46575,2023-09-27,5,1364.728283272424,UAE,T-shirt,6823.64141636212
184291,52261,2023-11-30,3,481.912420276298,India,Shoes,1445.737260828894
463339,37716,2023-02-04,4,117.85843974328273,India,Bags,471.4337589731309
759116,13236,2023-10-13,3,848.0366688815247,India,Bags,2544.1100066445742
382753,25848,2023-12-14,8,613.9266463334459,USA,Shoes,4911.413170667567
247550,12352,2023-09-30,3,1627.5066117467318,India,Watch,4882.519835240195
332050,11932,2023-07-27,7,1610.7101674879234,India,Watch,11274.971172415464
532882,86449,2023-08-26,7,941.1967067756196,UAE,Watch,6588.376947429338
437827,18556,2023-04-03,7,1232.698839380277,India,T-shirt,8628.891875661939
592313,96836,2023-06-22,7,1228.3060561745042,India,Bags,8598.14239322153
486858,15498,2023-03-20,2,1662.9583894338655,UK,Perfume,3325.916778867731
754618,86118,2023-04-20,3,878.7547075402351,USA,Shoes,2636.264122620705
695603,60098,2023-08-05,9,587.1210255914926,UK,Bags,5284.089230323434
964266,74386,2023-12-24,3,566.8180903740675,UAE,Watch,1700.4542711222025
488349,19569,2023-04-16,2,1095.574944600298,USA,Shoes,2191.149889200596
114153,66882,2023-02-16,9,925.8389953278145,USA,Perfume,8332.55095795033
700613,80393,2023-06-30,9,908.2355034206256,UK,Bags,8174.119530785631
340773,10340,2023-03-05,4,227.71781122492908,USA,Bags,910.8712448997163
155318,53949,2023-09-03,9,1451.2772943458815,UK,T-shirt,13061.495649112934
494030,92302,2023-09-01,3,466.78654156472584,India,Bags,1400.3596246941775
477177,72443,2023-11-16,7,434.05957890700665,UK,Bags,3038.4170523490466
176077,84027,2023-03-28,7,854.8787245409172,USA,Perfume,5984.15107178642
976906,10138,2023-08-05,8,494.16776615471275,USA,Perfume,3953.342129237702
233515,10358,2023-01-07,4,1188.52362125063,UAE,Shoes,4754.09448500252
306988,85250,2023-10-05,3,774.3535117022194,UAE,Watch,2323.0605351066583
959751,95376,2023-12-03,3,925.3778590559407,UAE,Perfume,2776.1335771678223
225885,40654,2023-07-29,5,1097.4801771278562,UAE,Shoes,5487.400885639281
996209,35879,2023-06-18,1,446.89426883951944,USA,Bags,446.89426883951944
641656,91532,2023-11-26,3,353.7156645877831,UAE,Shoes,1061.1469937633494
770688,65778,2023-05-18,6,1766.8227106035292,UK,Shoes,10600.936263621175
288014,47772,2023-11-02,3,895.761220521271,India,Shoes,2687.283661563813
191751,68478,2023-08-18,5,853.5825387834514,USA,Shoes,4267.912693917257
330203,74353,2023-11-04,9,119.44369303204088,UAE,Perfume,1074.993237288368
913738,36762,2023-06-10,2,1021.0537900454168,USA,Watch,2042.1075800908336
795275,23283,2023-01-01,2,1130.6309571414502,UAE,Shoes,2261.2619142829003
923651,73922,2023-08-24,6,1139.7396983615997,USA,T-shirt,6838.438190169598
311951,49420,2023-07-07,6,1428.7107801796244,UAE,Bags,8572.264681077746
605155,65568,2023-01-04,8,396.08957823247295,India,Bags,3168.7166258597836
295716,95090,2023-05-12,2,541.8351117497067,UAE,Bags,1083.6702234994134
684567,30219,2023-08-06,9,1630.9244071993048,UK,Bags,14678.319664793744
415172,67169,2023-09-17,2,1896.9827028446182,USA,Bags,3793.9654056892364
990695,84965,2023-01-01,1,315.06885736627527,USA,Shoes,315.06885736627527
100126,56840,2023-03-12,2,1020.4166312851755,UK,Watch,2040.833262570351
938761,54695,2023-06-27,7,467.64369284219435,UK,T-shirt,3273.5058498953604
127632,94754,2023-07-08,8,167.14267829221575,India,Perfume,1337.141426337726
600315,87988,2023-10-18,5,684.731509345964,USA,T-shirt,3423.65754672982
820670,68342,2023-01-08,6,330.1908691092149,India,Perfume,1981.1452146552892
209945,28951,2023-09-10,1,1434.3694931967802,USA,Perfume,1434.3694931967802
417320,11307,2023-10-19,6,1090.7645566593167,USA,T-shirt,6544.5873399559005
350869,90388,2023-09-01,8,330.4772184311062,India,Shoes,2643.81774744885
841426,45428,2023-05-03,3,68.02109739075301,USA,Bags,204.06329217225903
598716,85774,2023-10-26,1,1625.9062455972148,USA,Shoes,1625.9062455972148
275399,48975,2023-10-10,4,393.5790920202827,India,Bags,1574.3163680811308
562120,11140,2023-02-01,1,1232.1224523304936,UAE,Watch,1232.1224523304936
234869,34842,2023-11-30,8,706.9977304996538,India,Perfume,5655.9818439972305
278954,36421,2023-05-26,5,1191.6975797143193,USA,T-shirt,5958.487898571597
769078,11708,2023-06-05,1,665.5245726155318,UK,Watch,665.5245726155318
134560,13630,2023-01-16,8,219.53214334989562,UAE,Bags,1756.257146799165
963021,29595,2023-12-21,9,484.7525166876195,UK,Shoes,4362.772650188575
384260,86021,2023-02-16,2,416.7142046341974,UAE,T-shirt,833.4284092683948
232717,38308,2023-09-08,9,884.6377372573055,UK,Perfume,7961.739635315749
278595,54789,2023-07-06,8,1333.6533776810068,UAE,Watch,10669.227021448054
748373,65690,2023-01-31,7,564.4218461453972,India,Perfume,3950.9529230177804
479862,36086,2023-09-17,3,73.536373836205,UAE,Bags,220.609121508615
905688,26859,2023-01-17,2,1061.927860316276,UAE,Perfume,2123.855720632552
594592,17684,2023-02-08,7,1231.2310042499955,UAE,Shoes,8618.617029749968
200158,11207,2023-10-31,5,1927.597463303529,USA,Watch,9637.987316517645
808533,56099,2023-02-08,6,1199.4680660318313,UK,Watch,7196.808396190988
268502,77496,2023-05-12,4,968.7864907873766,India,Shoes,3875.1459631495063
532498,76093,2023-01-30,2,1168.1331705005225,UK,Perfume,2336.266341001045
430388,39689,2023-06-07,9,1859.4062282309528,UK,Shoes,16734.656054078576
767054,58651,2023-10-05,3,1665.3373839232102,India,T-shirt,4996.012151769631
418408,23893,2023-07-22,7,679.8085300594256,USA,Shoes,4758.659710415979
568276,76418,2023-03-07,8,512.6460091314177,UAE,Perfume,4101.168073051342
157545,70011,2023-04-18,2,562.1355441138436,USA,Shoes,1124.2710882276872
611411,48635,2023-09-25,6,1033.6210274446653,USA,Bags,6201.726164667992
925656,66115,2023-08-10,8,1500.8964298957267,UAE,Shoes,12007.171439165813
984377,88405,2023-10-19,7,1031.2774540067762,UK,Shoes,7218.942178047433
113224,82702,2023-01-18,3,182.20297186481955,UAE,Perfume,546.6089155944586
140738,88518,2023-03-31,1,1460.9823658579628,India,T-shirt,1460.9823658579628
950163,82805,2023-06-30,6,1621.64175090836,UAE,T-shirt,9729.85050545016
280760,68954,2023-09-12,8,614.5208369834533,UK,Perfume,4916.166695867626
863978,38064,2023-09-10,6,1345.0451916025334,USA,Perfume,8070.271149615201
566725,89063,2023-09-14,5,881.854207056067,USA,Perfume,4409.271035280335
763937,12454,2023-12-12,8,1783.7827436685136,UAE,Bags,14270.261949348109
632358,30878,2023-03-28,2,1698.1898384134427,India,Watch,3396.3796768268853
226161,61098,2023-03-31,1,1074.5923967038025,UK,Shoes,1074.5923967038025
632954,72154,2023-08-25,1,1398.435814336509,USA,Perfume,1398.435814336509
944193,22991,2023-03-11,4,1772.5319169931026,UAE,Perfume,7090.127667972411
398512,78344,2023-02-13,6,1016.6481696526372,India,Perfume,6099.889017915823
762143,46593,2023-07-19,9,660.8389439532028,India,T-shirt,5947.550495578826
666202,46304,2023-06-01,1,1519.6489689236835,USA,Perfume,1519.6489689236835
301579,40386,2023-03-27,1,479.12919683014894,USA,Shoes,479.12919683014894
752026,65220,2023-01-19,5,807.635738611782,UK,Perfume,4038.17869305891
871253,79338,2023-04-11,5,1738.1681123582478,India,Shoes,8690.84056179124
604471,31083,2023-04-05,5,1462.6235635251644,UK,Bags,7313.117817625822
429670,28354,2023-09-11,6,837.4314602326235,India,Watch,5024.588761395741
906388,32190,2023-12-23,8,468.7517796962969,India,T-shirt,3750.0142375703754
318967,16142,2023-01-30,3,744.1383621228613,UAE,Shoes,2232.4150863685836
932672,38398,2023-09-06,9,604.0030909934943,USA,Bags,5436.0278189414485
483152,61971,2023-02-02,1,393.37411149051513,India,Watch,393.37411149051513
194270,51862,2023-08-17,4,1499.4991814530306,UK,Watch,5997.996725812122
891189,63410,2023-01-12,9,541.5362793578345,USA,Watch,4873.82651422051
643385,29503,2023-04-28,8,935.6265668271394,UK,Shoes,7485.012534617115
765755,58456,2023-12-16,9,802.4259213304127,USA,Bags,7221.833291973715
247313,92035,2023-06-04,1,1965.05088833948,USA,Perfume,1965.05088833948
990324,18016,2023-09-03,9,812.6298760890301,India,Bags,7313.668884801271
258768,12384,2023-11-28,3,205.96584145367186,UAE,Bags,617.8975243610156
346726,72320,2023-09-04,9,225.16021751556386,India,Bags,2026.4419576400746
956912,25072,2023-01-29,1,1201.9697566384764,USA,Shoes,1201.9697566384764
670451,90018,2023-06-10,1,1218.758925889618,India,Shoes,1218.758925889618
119816,50510,2023-08-23,9,866.5800314411772,India,Shoes,7799.220282970595
857907,58933,2023-07-09,6,892.0952000084578,USA,Bags,5352.5712000507465
414997,31826,2023-04-27,4,155.16853653969886,USA,Shoes,620.6741461587955
255989,78026,2023-09-28,7,1057.2656952590614,India,Watch,7400.85986681343
721019,35518,2023-09-15,5,1034.2419769916858,India,Shoes,5171.209884958429
776926,34045,2023-06-29,7,341.62117118604186,India,T-shirt,2391.348198302293
306524,60876,2023-06-21,8,252.4868029163088,UK,Shoes,2019.8944233304703
687111,61919,2023-10-01,8,290.9663566690065,India,Shoes,2327.730853352052
251878,37103,2023-09-16,1,247.00508065795412,UK,Shoes,247.00508065795412
830880,46188,2023-05-15,8,1238.9309812966817,UAE,Shoes,9911.447850373454
626047,15845,2023-06-20,6,433.1411721856913,UK,T-shirt,2598.847033114148
881452,96698,2023-07-29,4,540.2887967655538,India,Perfume,2161.155187062215
535165,46674,2023-08-24,8,388.4656810953075,UAE,Shoes,3107.72544876246
978806,29337,2023-07-05,3,1917.778843674581,UK,Watch,5753.336531023742
233554,32313,2023-12-30,4,1716.504053146079,UK,T-shirt,6866.016212584316
910874,36943,2023-04-05,6,499.46493283546573,USA,Perfume,2996.7895970127943
551282,87949,2023-01-11,7,688.7542731481457,UAE,Shoes,4821.27991203702
193501,10276,2023-03-09,4,459.2910424947445,USA,Perfume,1837.164169978978
364223,61151,2023-07-29,4,1009.1581209486063,UAE,Watch,4036.6324837944253
159676,27611,2023-07-15,7,88.2405383247945,UK,T-shirt,617.6837682735616
841804,21944,2023-04-08,6,1359.1676173487517,USA,T-shirt,8155.00570409251
273532,62887,2023-04-03,8,1070.1583921444012,India,Perfume,8561.26713715521
714685,91442,2023-01-22,1,1802.3459101871513,UK,Shoes,1802.3459101871513
697135,59847,2023-06-21,7,370.5657344404076,UAE,Bags,2593.960141082853
717895,68653,2023-05-14,7,1618.0130298192066,UAE,T-shirt,11326.091208734446
320178,96072,2023-01-25,7,1594.3239782100957,USA,Bags,11160.26784747067
249521,66622,2023-07-04,7,298.0033189729295,USA,T-shirt,2086.0232328105067
526752,37810,2023-03-26,8,827.1904870810488,UAE,Shoes,6617.52389664839
688365,87842,2023-02-24,9,381.79765023180795,UK,Shoes,3436.1788520862715
924690,20503,2023-09-08,9,546.7049758922203,USA,T-shirt,4920.344783029983
803662,94761,2023-05-24,2,563.3300409195615,India,Perfume,1126.660081839123
357009,46976,2023-12-17,7,1134.6609683502568,UAE,Shoes,7942.626778451798
237717,21590,2023-06-16,7,852.2513169329077,India,Shoes,5965.759218530354
481915,20886,2023-08-12,4,1898.0789678122953,UAE,Watch,7592.315871249181
662288,22866,2023-08-08,9,296.42177679665997,India,Shoes,2667.79599116994
651025,76624,2023-06-28,8,1948.6996629578875,UK,Watch,15589.5973036631
897917,78899,2023-04-29,1,499.7453484178147,UAE,Shoes,499.7453484178147
400709,42792,2023-09-22,2,1557.1041759446134,UK,Shoes,3114.208351889227
951587,19764,2023-05-30,2,710.9913560370018,USA,Perfume,1421.9827120740035
286240,96156,2023-08-03,8,329.0087210637621,UAE,Perfume,2632.0697685100968
676775,52727,2023-07-16,1,1722.8839112301678,UK,Shoes,1722.8839112301678
374486,88471,2023-02-11,4,652.2787535111032,India,T-shirt,2609.115014044413
402950,18068,2023-02-22,5,1334.7680382423423,UK,T-shirt,6673.8401912117115
410914,17295,2023-11-26,9,1154.5651859189218,UAE,Shoes,10391.086673270296
178623,51160,2023-09-08,7,969.924803312205,UK,T-shirt,6789.473623185435
465321,21390,2023-10-22,8,1016.8479716646513,India,Shoes,8134.78377331721
962061,30131,2023-09-28,9,1477.8639324799608,India,Perfume,13300.775392319647
283675,85969,2023-05-03,7,221.1571825407091,India,Bags,1548.1002777849637
837334,25038,2023-12-05,5,1352.9522908179151,USA,Watch,6764.761454089576
730235,62327,2023-09-23,5,1796.8335977272284,UAE,T-shirt,8984.167988636142
912831,87064,2023-12-14,6,162.6869841887351,India,T-shirt,976.1219051324106
752465,31281,2023-01-29,5,324.27401150565015,USA,Perfume,1621.3700575282508
316454,64189,2023-02-04,9,1447.4322765689612,India,T-shirt,13026.890489120651
209575,58511,2023-01-06,3,902.6992140770043,UK,Shoes,2708.0976422310127
997336,18605,2023-04-21,3,836.9198105866923,UAE,Shoes,2510.759431760077
307606,11381,2023-10-21,7,317.0849373612599,UK,Bags,2219.594561528819
605815,76634,2023-03-18,7,1038.2015793996868,USA,Bags,7267.411055797807
392822,29810,2023-12-15,6,296.76335683293564,UK,Bags,1780.5801409976139
176218,34322,2023-05-27,3,979.4098898055538,UK,Shoes,2938.2296694166616
687518,51869,2023-03-08,7,1539.0498329752306,India,Bags,10773.348830826615
870044,42955,2023-01-08,5,553.6154978799689,UK,Bags,2768.077489399844
436199,71388,2023-05-02,7,987.5330279504683,India,Shoes,6912.731195653278
549589,20207,2023-12-06,2,1984.4311403238296,India,Perfume,3968.862280647659
786840,97329,2023-06-24,6,1388.9683255403727,UAE,T-shirt,8333.809953242237
578446,77628,2023-06-28,8,1690.6457040451373,USA,Watch,13525.165632361099
562052,38220,2023-03-26,1,858.9528327930642,USA,Shoes,858.9528327930642
434402,94050,2023-02-14,4,1547.3288000954178,USA,Shoes,6189.315200381671
139986,84085,2023-05-16,1,128.9928872355776,India,Watch,128.9928872355776
779520,32031,2023-12-09,1,289.6768059573777,USA,Watch,289.6768059573777
447739,80721,2023-01-16,8,445.98765619412114,India,Bags,3567.901249552969
725646,90807,2023-11-29,7,833.8062529996781,UAE,Watch,5836.643770997747
572327,81312,2023-07-14,1,1699.202512735238,USA,T-shirt,1699.202512735238
427073,69766,2023-01-09,2,725.2187990364645,India,T-shirt,1450.437598072929
697794,22449,2023-11-12,4,1326.5113273551526,USA,T-shirt,5306.0453094206105
134911,99833,2023-11-30,1,1433.1628748667927,USA,T-shirt,1433.1628748667927
973559,66699,2023-11-29,3,1193.0555904722657,UAE,T-shirt,3579.166771416797
525037,91253,2023-11-23,8,746.6218379317656,UK,Bags,5972.974703454125
830399,56092,2023-01-15,8,1175.2540163414114,USA,Shoes,9402.032130731292
999885,73671,2023-11-23,8,717.4179059400051,UAE,Watch,5739.343247520041
708746,20350,2023-04-12,6,213.55379017642355,USA,Shoes,1281.3227410585414
112175,78487,2023-08-14,6,1985.967757462728,USA,Watch,11915.80654477637
416915,27622,2023-10-05,5,298.00578458339623,USA,Bags,1490.0289229169812
599876,80263,2023-04-23,9,191.07934848031184,USA,Bags,1719.7141363228066
745588,63117,2023-01-01,4,1763.134960953954,UK,Perfume,7052.539843815816
711213,68394,2023-09-23,7,638.5775887411455,UK,Perfume,4470.043121188019
868734,33782,2023-07-27,1,1318.0790994433398,USA,Bags,1318.0790994433398
166358,38454,2023-04-20,9,691.561172841354,USA,Bags,6224.050555572187
510543,77904,2023-07-19,7,813.3358280492188,UAE,Watch,5693.350796344532
147057,25592,2023-11-02,9,561.1202954327532,UAE,Bags,5050.082658894778
368294,32173,2023-01-12,7,718.9358112963699,India,Shoes,5032.550679074589
890857,43204,2023-12-11,2,850.865781143759,UK,Watch,1701.731562287518
354726,45596,2023-07-07,6,1454.8113347300687,USA,Bags,8728.868008380412
378176,44324,2023-06-03,4,1047.495578757844,UK,Watch,4189.982315031376
626486,71202,2023-11-30,3,1889.9521734561051,UAE,Watch,5669.856520368316
808754,99400,2023-10-06,2,131.66676798561224,UK,T-shirt,263.3335359712245
267292,40750,2023-06-20,6,1030.9832291324549,UK,Perfume,6185.89937479473
244931,86112,2023-05-14,8,1189.2383382218504,USA,Watch,9513.906705774803
543676,26566,2023-01-25,6,1844.384122844834,USA,Watch,11066.304737069004
262491,17190,2023-01-18,9,145.8591210617838,UAE,T-shirt,1312.7320895560542
481009,98607,2023-07-09,5,1168.3241906236713,USA,Bags,5841.620953118356
501921,48333,2023-05-21,2,1714.5783606295163,UAE,Watch,3429.1567212590326
360910,90905,2023-02-12,8,521.7590698325114,UAE,T-shirt,4174.072558660091
123236,99571,2023-11-30,9,1758.770079621678,India,Shoes,15828.930716595101
187955,11589,2023-10-11,4,87.13464808486906,India,T-shirt,348.5385923394762
840874,35235,2023-05-26,6,1478.286526810773,India,Perfume,8869.719160864639
727433,10159,2023-11-11,8,1869.5707812788735,UK,Perfume,14956.566250230988
770718,22145,2023-11-15,9,1331.5354401981213,India,Bags,11983.81896178309
330785,90909,2023-04-02,5,906.1070257618735,USA,Bags,4530.535128809368
194914,41921,2023-06-28,6,137.51798212180017,USA,Perfume,825.107892730801
989302,26237,2023-02-25,4,1844.221935979126,India,Perfume,7376.887743916504
307990,18244,2023-06-04,5,967.0776342485708,UK,Watch,4835.388171242854
478387,24743,2023-06-09,7,106.54365145509863,UAE,Perfume,745.8055601856904
638884,56101,2023-04-21,9,1395.1510890910856,UK,Bags,12556.35980181977
756639,94227,2023-05-17,6,989.5826444737035,UK,Perfume,5937.4958668422205
294269,66378,2023-08-20,6,292.4733690127009,UAE,Bags,1754.8402140762055
997928,81126,2023-08-08,8,467.8300281550062,UAE,Shoes,3742.6402252400494
492417,66071,2023-03-09,4,175.75682688890024,UAE,Perfume,703.0273075556009
238155,81121,2023-10-29,3,1169.8724024317185,USA,Bags,3509.6172072951554
220674,84763,2023-09-06,7,1262.9574845414181,UAE,T-shirt,8840.702391789928
881817,22237,2023-11-19,5,1036.1974817931164,UAE,Watch,5180.987408965582
864757,25649,2023-01-06,2,1643.3491593550991,UK,Bags,3286.6983187101982
356713,47713,2023-10-07,2,1728.9672015506264,UK,Perfume,3457.934403101253
541501,83463,2023-04-04,6,1250.4675735320968,India,Perfume,7502.8054411925805
643351,55409,2023-09-26,8,74.87513542948956,UK,Shoes,599.0010834359165
167642,58766,2023-07-16,1,1405.6978287080844,UAE,T-shirt,1405.6978287080844
190093,56154,2023-01-25,6,865.0984729946856,USA,Bags,5190.590837968113
607606,17016,2023-05-28,2,1152.8370922914546,UK,T-shirt,2305.674184582909
317215,89563,2023-04-28,2,1315.7071739368246,UK,Shoes,2631.414347873649
807280,58688,2023-12-04,7,732.9613979377997,UAE,Watch,5130.7297855645975
783889,99678,2023-12-04,1,1838.3420850849989,UK,T-shirt,1838.3420850849989
135954,64238,2023-03-07,6,311.2509901620734,UK,Shoes,1867.5059409724404
127856,68608,2023-10-28,7,1359.448024198023,UAE,Bags,9516.13616938616
626861,99081,2023-06-24,8,58.50118091533184,UK,Watch,468.0094473226547
659655,41897,2023-11-15,7,1853.0696555401025,USA,Perfume,12971.487588780717
595553,60961,2023-03-17,6,269.38305981427845,India,Shoes,1616.2983588856707
862092,78703,2023-04-24,9,235.02424878777055,UK,Perfume,2115.2182390899347
986040,54757,2023-04-21,3,699.3648844518763,USA,Watch,2098.094653355629
422918,36917,2023-09-06,6,778.4542577762072,UK,Shoes,4670.725546657243
123752,32736,2023-07-22,4,467.8851410296133,India,Shoes,1871.5405641184532
941461,37990,2023-05-27,2,1190.9872388078932,UAE,Watch,2381.9744776157863
248757,72551,2023-02-04,1,913.6824911818289,India,Bags,913.6824911818289
413837,68161,2023-11-05,1,116.64239863012047,UK,Shoes,116.64239863012047
216739,89623,2023-01-26,3,673.3215213978362,India,Watch,2019.9645641935087
942393,32440,2023-08-26,4,1630.3441814676823,India,T-shirt,6521.376725870729
338009,45205,2023-01-14,2,1394.9179929806437,UAE,Perfume,2789.8359859612874
880316,90811,2023-02-14,1,1463.498164480767,UK,Shoes,1463.498164480767
307980,65103,2023-08-04,4,1411.328001962871,India,T-shirt,5645.312007851484
356609,80812,2023-08-21,7,656.397391696915,India,Shoes,4594.781741878404
488822,51627,2023-07-12,6,244.34464804971296,UAE,Bags,1466.0678882982777
436676,29008,2023-02-20,6,581.3110088645371,USA,Watch,3487.866053187223
444138,81274,2023-08-02,9,1671.9813353610607,UK,Shoes,15047.832018249546
418277,42402,2023-05-31,2,1961.9180556769886,USA,Watch,3923.8361113539772
618271,63384,2023-10-02,4,1013.0016787460446,USA,Shoes,4052.0067149841784
423412,15793,2023-12-04,5,68.91569209993233,UAE,Bags,344.5784604996617
585417,15571,2023-03-17,1,323.0873836617466,UAE,Bags,323.0873836617466
531459,26209,2023-08-08,8,678.0571218667183,UK,T-shirt,5424.456974933746
288456,53148,2023-12-14,8,1178.241429756252,USA,Bags,9425.931438050016
655941,12224,2023-07-06,6,196.43260932036225,India,Watch,1178.5956559221736
257729,58695,2023-10-16,5,1889.5467324842691,USA,Bags,9447.733662421346
328504,42441,2023-01-28,8,761.9131629045814,UAE,Shoes,6095.3053032366515
746117,49129,2023-06-29,3,1829.539224953405,India,Bags,5488.617674860215
752665,72368,2023-09-10,3,1572.0175153761925,India,Watch,4716.052546128578
625910,54760,2023-05-06,2,1523.1026814053832,UAE,Shoes,3046.2053628107665
673044,33478,2023-06-26,5,1233.1031805753523,India,T-shirt,6165.515902876761
140809,81854,2023-02-06,3,1272.228443251097,USA,T-shirt,3816.6853297532907
641013,95716,2023-04-09,3,1294.1063086716838,UAE,T-shirt,3882.318926015051
816756,22180,2023-04-08,6,1276.0067046998852,UK,Shoes,7656.040228199311
151226,25372,2023-05-07,8,1129.7700512268045,UAE,T-shirt,9038.160409814436
599512,39796,2023-06-17,2,1973.5073360416334,UK,Bags,3947.0146720832668
705470,68272,2023-03-21,4,1477.9666064801074,UK,Shoes,5911.86642592043
575781,99963,2023-10-21,7,1565.0454573654163,UAE,Shoes,10955.318201557913
129402,64040,2023-11-29,1,1751.3024894131647,UAE,Shoes,1751.3024894131647
104263,85357,2023-05-06,1,470.4975373154059,UK,Perfume,470.4975373154059
851883,81368,2023-12-09,7,213.41811023536852,UK,Watch,1493.9267716475797
277900,88356,2023-11-06,7,991.6441513672673,India,Perfume,6941.509059570872
672212,26211,2023-05-30,1,1052.4573564575826,UAE,Perfume,1052.4573564575826
436326,15842,2023-01-16,1,1666.9044709023394,UAE,Perfume,1666.9044709023394
324137,73115,2023-01-28,4,915.3779796005546,India,Watch,3661.5119184022183
552268,76852,2023-06-22,5,1163.1633998114098,UAE,Perfume,5815.8169990570495
397881,55968,2023-02-15,5,1077.7883301012437,India,T-shirt,5388.941650506218
463476,27508,2023-11-24,4,124.49542832691256,India,Shoes,497.98171330765024
451707,32005,2023-08-24,8,1249.6690483639823,UAE,Shoes,9997.352386911858
784733,64575,2023-08-02,7,1664.684407259792,USA,Bags,11652.790850818543
610585,90742,2023-03-26,9,357.12606874781744,UK,T-shirt,3214.134618730357
791757,28971,2023-10-09,7,1208.9468811568618,UAE,Watch,8462.628168098032
490719,35599,2023-08-20,1,1207.540561670508,USA,Shoes,1207.540561670508
579361,97592,2023-03-26,7,370.16067990989956,India,Perfume,2591.124759369297
201371,76914,2023-03-06,1,290.75396877493523,USA,Bags,290.75396877493523
662997,77055,2023-05-14,7,1961.1012888041453,UAE,Bags,13727.709021629016
292192,97697,2023-05-31,8,817.7523808234232,UAE,Shoes,6542.019046587386
250322,15355,2023-04-25,9,493.4723710108821,USA,T-shirt,4441.251339097939
121172,64120,2023-03-05,3,384.08286168603115,UAE,Bags,1152.2485850580933
635843,84619,2023-12-09,4,1351.8233414873084,UK,Shoes,5407.293365949234
677564,48342,2023-12-29,4,1238.4183297881937,USA,T-shirt,4953.673319152775
681780,95992,2023-12-18,9,1304.926639825464,India,Shoes,11744.339758429176
808362,88860,2023-06-07,7,221.6117536473319,USA,Shoes,1551.2822755313234
613319,12257,2023-03-18,3,1792.392437821952,USA,T-shirt,5377.177313465856
880298,37364,2023-05-26,5,809.0694737776441,USA,T-shirt,4045.3473688882204
976031,34972,2023-12-09,7,661.070342539198,USA,T-shirt,4627.492397774386
322320,36654,2023-08-13,8,951.6048221330915,India,Shoes,7612.838577064732
517978,90769,2023-11-09,1,810.6288282078751,India,Bags,810.6288282078751
111046,91423,2023-04-13,2,1733.9751561213345,India,Watch,3467.950312242669
328071,39320,2023-12-13,7,1862.0589016358895,USA,Watch,13034.412311451226
478165,30808,2023-10-28,2,641.7337720767321,UK,Shoes,1283.4675441534641
808662,62389,2023-03-29,7,1734.6748245469119,UK,Shoes,12142.723771828383
516366,44773,2023-10-30,9,1573.9701025894808,India,Bags,14165.730923305327
366997,61168,2023-06-17,2,1865.0749610722855,UK,T-shirt,3730.149922144571
745188,37747,2023-06-19,7,529.2131087624813,UK,Shoes,3704.491761337369
582615,86396,2023-05-15,4,1175.0703427359092,UK,Perfume,4700.281370943637
515008,93692,2023-02-19,2,585.361940243867,UK,T-shirt,1170.723880487734
683417,67505,2023-12-06,7,1656.9842564445298,UK,Shoes,11598.889795111709
861379,95896,2023-12-13,5,60.3821716135753,UAE,Perfume,301.9108580678765
305550,28135,2023-05-14,1,1151.3973676284725,India,Bags,1151.3973676284725
344883,57377,2023-12-13,5,711.4466909802401,USA,Perfume,3557.2334549012003
738418,33554,2023-05-17,3,679.2332288017494,UK,Shoes,2037.6996864052483
560514,72491,2023-09-02,7,1307.5673315365882,UAE,Watch,9152.971320756118
771210,65621,2023-04-19,6,1710.394676162288,USA,Shoes,10262.368056973728
221789,68283,2023-11-09,8,1237.9310132169862,UAE,Watch,9903.44810573589
779418,95140,2023-10-14,5,1713.6873083611088,UK,Bags,8568.436541805544
800780,26923,2023-01-21,2,565.9643681680085,UK,Bags,1131.928736336017
663178,57591,2023-03-31,9,1063.0286167917131,UK,T-shirt,9567.257551125418
166017,72261,2023-10-23,8,928.5462511807982,UK,T-shirt,7428.370009446386
278376,64336,2023-04-22,6,72.70755403103763,USA,Watch,436.2453241862258
788281,84083,2023-10-28,7,1135.7836791244433,USA,Watch,7950.485753871103
599137,70948,2023-03-18,9,1339.972432085041,UAE,Bags,12059.751888765368
756884,43002,2023-06-26,7,1204.2330886171867,India,Perfume,8429.631620320306
724712,90098,2023-12-09,3,1485.745802627672,UK,Watch,4457.237407883016
901480,83016,2023-05-28,6,1164.1120804835004,UAE,Watch,6984.672482901003
793264,36672,2023-04-11,7,180.16299695897598,UAE,Perfume,1261.1409787128318
941344,14213,2023-09-03,2,277.0687719651873,UAE,T-shirt,554.1375439303746
658296,20293,2023-04-27,3,1213.1254262107072,UK,T-shirt,3639.3762786321217
493276,65860,2023-04-02,4,586.2094243485983,UK,Watch,2344.837697394393
830026,72507,2023-01-28,6,205.3080016177934,UAE,T-shirt,1231.8480097067604
707847,67134,2023-01-25,1,887.7253497246662,UK,T-shirt,887.7253497246662
155337,12100,2023-02-27,9,1130.9290662631279,UAE,T-shirt,10178.361596368151
997048,71997,2023-10-24,5,691.0546772817328,USA,Bags,3455.273386408664
375494,38172,2023-05-14,7,1454.8457193402671,UK,Shoes,10183.92003538187
124354,30132,2023-11-27,9,1305.352685797427,USA,Watch,11748.174172176843
145186,28199,2023-09-06,9,698.9958041287603,India,Watch,6290.962237158842
652433,46609,2023-02-07,1,1522.0014313716931,UK,Bags,1522.0014313716931
527236,52965,2023-03-16,1,1314.9553329394191,India,Shoes,1314.9553329394191
710411,18016,2023-05-22,3,1293.0184884999092,UAE,Shoes,3879.0554654997277
599883,49779,2023-11-18,6,1129.1840165347826,UK,Bags,6775.1040992086955
830546,41881,2023-06-17,2,72.20985277267795,UK,Perfume,144.4197055453559
840829,92594,2023-09-16,1,1408.1890077799337,UK,Perfume,1408.1890077799337
644869,34472,2023-12-21,1,783.2814926628552,India,Shoes,783.2814926628552
713217,61813,2023-08-13,5,1888.0889348093783,India,Perfume,9440.444674046892
385195,46021,2023-06-01,4,1645.0703036005505,UAE,Perfume,6580.281214402202
675762,64131,2023-01-19,1,1196.0042155860588,USA,Perfume,1196.0042155860588
716036,34087,2023-05-26,4,541.7548645475754,USA,Shoes,2167.0194581903015
225995,22828,2023-08-29,3,447.2489168914498,India,Perfume,1341.7467506743494
345690,71610,2023-12-10,2,713.7504334712208,UK,Watch,1427.5008669424417
431770,11401,2023-08-25,9,979.3074899810362,USA,Shoes,8813.767409829325
893392,95179,2023-02-04,1,627.3277445759469,USA,Bags,627.3277445759469
528988,25193,2023-07-09,7,1054.1125160153415,India,Perfume,7378.7876121073905
280553,54864,2023-01-01,4,372.47232975071256,UAE,T-shirt,1489.8893190028502
660696,30307,2023-06-02,5,1956.539985009725,India,Shoes,9782.699925048624
980438,29611,2023-05-06,5,260.452882181738,India,Bags,1302.26441090869
359568,53791,2023-12-11,1,1867.2910723260254,UK,Watch,1867.2910723260254
419278,21950,2023-08-14,6,1831.4771222352551,India,Bags,10988.86273341153
251563,86240,2023-08-09,9,1074.452939548021,UK,Perfume,9670.076455932189
756701,87403,2023-07-30,2,1463.5750300803645,UAE,T-shirt,2927.150060160729
799983,12745,2023-01-25,7,900.2941810465462,UK,Perfume,6302.059267325823
714615,65243,2023-01-16,6,1278.5674262077546,UAE,Bags,7671.4045572465275
493554,13866,2023-07-01,5,714.1230779711815,UAE,Shoes,3570.6153898559073
302503,42245,2023-11-25,4,637.2600885816184,UAE,T-shirt,2549.040354326474
243326,54724,2023-05-09,4,1177.5480830305517,India,T-shirt,4710.192332122207
807220,81354,2023-02-11,6,1021.3528646587616,UK,Bags,6128.11718795257
111344,61374,2023-12-02,4,1180.095919842463,USA,Perfume,4720.383679369852
494966,40116,2023-08-24,5,608.9881335096949,India,Bags,3044.9406675484743
692245,91029,2023-12-26,6,765.5677720431407,UAE,T-shirt,4593.406632258844
205423,30447,2023-02-03,5,213.60102322637314,USA,Bags,1068.0051161318656
420197,40431,2023-12-11,7,151.93892593080113,India,T-shirt,1063.572481515608
564071,27908,2023-02-14,9,544.2414028623816,USA,Perfume,4898.172625761435
771256,39336,2023-05-14,7,194.78137569456422,UAE,Shoes,1363.4696298619494
286833,50992,2023-01-21,7,252.36068183774435,USA,Shoes,1766.5247728642105
817912,65350,2023-05-02,4,1635.2103905181773,USA,Bags,6540.841562072709
875435,79561,2023-03-11,1,125.80370918254414,UAE,T-shirt,125.80370918254414
177454,61955,2023-12-18,8,1334.9384481727484,USA,Shoes,10679.507585381987
357594,71240,2023-12-27,4,581.487610190031,India,T-shirt,2325.950440760124
611897,30093,2023-02-17,1,1749.5140773808466,USA,Perfume,1749.5140773808466
452744,16155,2023-02-08,5,995.7349549261241,UK,Bags,4978.674774630621
616142,56607,2023-10-14,8,645.8740956892602,India,T-shirt,5166.992765514082
137641,43487,2023-01-10,4,1059.3959245943975,USA,Bags,4237.58369837759
653999,65668,2023-01-30,8,794.8181371382742,UK,T-shirt,6358.545097106194
956774,30963,2023-09-01,8,1150.387076106169,UK,T-shirt,9203.096608849351
469040,60124,2023-10-01,3,273.3390932363791,UK,Perfume,820.0172797091373
767542,62870,2023-03-29,9,1994.1314804844747,USA,Bags,17947.18332436027
712121,66547,2023-09-01,3,879.8339615085993,UAE,Watch,2639.501884525798
418420,74110,2023-11-25,1,729.049747429369,UK,T-shirt,729.049747429369
381685,63554,2023-01-15,2,1434.9092042167165,UAE,T-shirt,2869.818408433433
980889,30936,2023-01-04,6,759.6038426658984,India,Shoes,4557.62305599539
575526,14426,2023-07-10,2,1674.8848948060775,UAE,Bags,3349.769789612155
144813,98839,2023-06-17,6,935.8279125028292,UAE,Watch,5614.967475016975
792558,37606,2023-01-09,1,1453.1389058675982,UAE,Perfume,1453.1389058675982
764180,57832,2023-04-19,1,259.53377206167875,UAE,Watch,259.53377206167875
386214,38151,2023-05-17,5,1699.932411832468,UAE,Perfume,8499.66205916234
442703,89303,2023-06-03,9,1484.650074217314,India,Watch,13361.850667955827
304615,21308,2023-07-28,8,462.8477180008331,India,Watch,3702.7817440066647
576657,72522,2023-09-29,3,333.30771900428397,UAE,Bags,999.9231570128519
666074,55671,2023-05-23,3,666.7700800149676,UAE,Shoes,2000.3102400449027
850294,12204,2023-04-09,1,1953.3376427622134,UK,Watch,1953.3376427622134
855164,97265,2023-11-04,3,550.8215704057643,India,T-shirt,1652.464711217293
499953,41131,2023-03-10,1,939.4480574459349,USA,T-shirt,939.4480574459349
922494,62428,2023-09-04,8,108.53944014880581,India,T-shirt,868.3155211904465
938003,43870,2023-09-18,1,824.5936826541534,USA,Shoes,824.5936826541534
387654,59067,2023-10-03,5,1164.0740300945504,UK,Watch,5820.370150472752
381570,68585,2023-03-20,9,1908.5929943905319,UAE,Perfume,17177.336949514785
137265,31607,2023-05-26,7,1057.6352876331257,UK,Perfume,7403.44701343188
349321,34968,2023-04-21,4,1647.259286046491,UAE,Bags,6589.037144185964
166150,21908,2023-09-15,9,1116.898903009356,India,Shoes,10052.090127084204
711600,36423,2023-04-03,9,129.5307761992603,UAE,Watch,1165.7769857933426
189613,84707,2023-01-13,2,664.2661366200593,USA,T-shirt,1328.5322732401187
437054,88257,2023-09-17,6,1172.3215402706514,USA,Shoes,7033.929241623909
938807,71215,2023-04-19,4,1903.6582335656924,UK,Shoes,7614.63293426277
221826,65835,2023-11-26,8,1725.304201514905,India,Watch,13802.43361211924
659723,59429,2023-07-08,7,495.29344764875293,USA,Bags,3467.0541335412704
982875,92152,2023-04-05,7,479.21416853736883,UK,Bags,3354.4991797615817
550348,48458,2023-04-15,9,442.28728587210645,India,Bags,3980.5855728489582
310017,56169,2023-01-08,5,1848.8728477898812,India,T-shirt,9244.364238949405
234055,17659,2023-03-08,6,1712.6989985483553,UK,T-shirt,10276.193991290133
590457,70614,2023-07-10,1,1561.02269289325,USA,Watch,1561.02269289325
776022,87240,2023-09-13,6,815.8334727372438,USA,Bags,4895.000836423463
909942,42793,2023-01-09,2,1033.5423733825953,UK,Watch,2067.0847467651906
833547,56473,2023-04-27,6,955.446902350548,USA,Bags,5732.681414103288
796358,99388,2023-09-24,9,544.1263097407766,UK,Shoes,4897.136787666989
550062,98330,2023-04-09,8,1034.8046899900955,USA,Perfume,8278.437519920764
194071,65751,2023-10-25,9,109.4682683128712,USA,Perfume,985.2144148158409
893072,88915,2023-06-13,8,307.03022832004535,UK,Bags,2456.241826560363
406691,64254,2023-05-21,3,1778.8497125294455,UK,Watch,5336.549137588337
941052,17006,2023-09-25,8,1515.7755457112753,USA,T-shirt,12126.204365690202
246389,84218,2023-02-06,6,874.5933976652198,UK,Bags,5247.560385991319
739896,75344,2023-03-15,6,1058.4432064535606,USA,Bags,6350.659238721364
369708,43840,2023-03-14,6,771.4978276219559,UAE,T-shirt,4628.986965731736
782705,42430,2023-11-04,3,1494.5207409633113,India,Bags,4483.562222889934
738112,33091,2023-07-18,1,1579.1649995025552,India,Shoes,1579.1649995025552
354444,42983,2023-05-10,4,1538.4061208961602,USA,T-shirt,6153.624483584641
703561,33989,2023-09-03,6,1459.0928634271768,India,Shoes,8754.55718056306
961291,85451,2023-11-08,2,448.78346045095185,USA,Perfume,897.5669209019037
311837,28990,2023-03-01,7,709.0414595189336,UK,T-shirt,4963.290216632535
210017,90360,2023-10-06,7,966.1985982181661,UAE,T-shirt,6763.390187527163
223618,46081,2023-04-13,4,695.0463332839284,India,Watch,2780.185333135714
559297,21033,2023-10-23,4,1522.1333903087416,India,Watch,6088.533561234966
225341,26241,2023-11-16,1,692.2393722874116,UK,T-shirt,692.2393722874116
915862,15939,2023-12-07,2,319.55256923140746,UAE,Perfume,639.1051384628149
830892,57562,2023-05-31,9,828.1288814941929,UAE,Bags,7453.159933447736
652076,45063,2023-06-06,8,1960.8331439256417,UAE,Watch,15686.665151405134
850865,86721,2023-07-25,8,490.468755220473,UK,Perfume,3923.750041763784
541759,37045,2023-06-28,9,1243.7093849392968,India,Perfume,11193.384464453671
955778,54769,2023-07-16,7,894.2974471874273,India,Watch,6260.082130311991
982554,57118,2023-08-11,9,188.49790691618693,UAE,Bags,1696.4811622456823
664262,94703,2023-03-30,2,1001.359381696216,UK,Watch,2002.718763392432
993741,31625,2023-10-14,6,1419.2204408642092,UK,Perfume,8515.322645185255
640659,37076,2023-10-03,3,1050.7789528642465,UK,Shoes,3152.3368585927396
931516,74805,2023-08-24,6,1750.606824305833,UAE,Watch,10503.640945834999
522845,54605,2023-07-02,3,613.4271824822862,UK,Perfume,1840.2815474468584
806544,94565,2023-07-28,8,218.1858840427316,UAE,Watch,1745.4870723418528
424060,98509,2023-05-10,4,1876.3029427331119,UAE,Perfume,7505.2117709324475
698260,49121,2023-06-02,6,787.4828815800271,UAE,Bags,4724.897289480163
293259,75101,2023-01-13,9,1173.990825334585,USA,Perfume,10565.917428011266
375128,41433,2023-05-02,2,1594.4060959538822,UAE,T-shirt,3188.8121919077644
919471,53309,2023-12-25,2,682.4116445573821,UK,Shoes,1364.8232891147643
709719,77468,2023-08-08,7,1446.5208494463418,USA,Perfume,10125.645946124392
970123,54254,2023-04-16,2,314.06675714476467,India,Watch,628.1335142895293
945038,77293,2023-03-11,2,618.0228070507353,India,Watch,1236.0456141014706
503832,47853,2023-07-14,4,332.1857404662138,UK,Perfume,1328.7429618648553
989097,48405,2023-07-05,9,1631.8995888826478,UK,T-shirt,14687.09629994383
729661,76652,2023-04-09,8,484.16600869223146,UK,Perfume,3873.3280695378517
281144,53527,2023-03-23,2,1448.93693304016,UK,Bags,2897.87386608032
911006,87227,2023-03-16,8,1889.4318746290226,USA,T-shirt,15115.45499703218
350195,10492,2023-12-06,4,1079.1558076843103,UK,Perfume,4316.623230737241
243748,18811,2023-07-11,2,1103.056924908341,UAE,Shoes,2206.113849816682
504032,34272,2023-11-21,7,949.0154577907335,India,T-shirt,6643.108204535135
132733,82010,2023-08-02,6,685.4857796176034,UK,Perfume,4112.91467770562
841040,57153,2023-11-11,5,977.5273103035884,UAE,Shoes,4887.636551517942
626338,64110,2023-11-14,1,1225.474687920181,UK,Perfume,1225.474687920181
209996,23979,2023-05-24,2,1972.6835657327858,UAE,Bags,3945.3671314655717
658221,38328,2023-08-04,8,1878.6408906705371,USA,Watch,15029.127125364297
649239,22867,2023-12-27,1,1731.1982686715874,India,Perfume,1731.1982686715874
656701,69234,2023-11-20,3,1783.8045446244737,India,T-shirt,5351.413633873421
265873,35851,2023-01-15,2,962.3059074194838,USA,Perfume,1924.6118148389676
810979,41279,2023-08-05,5,1332.0164379960563,UAE,Perfume,6660.082189980281
999005,83402,2023-02-04,4,1795.3801097256176,UK,Perfume,7181.52043890247
533816,25449,2023-07-02,7,816.2539917331385,UAE,Perfume,5713.777942131969
813135,86221,2023-09-27,5,1925.4368327736643,India,T-shirt,9627.184163868322
321888,99080,2023-12-24,8,860.7828210349069,USA,T-shirt,6886.262568279255
885332,15451,2023-04-10,4,1222.1111975167705,USA,Perfume,4888.444790067082
845453,97178,2023-01-07,6,1434.1191908811252,UAE,Watch,8604.715145286751
867950,51316,2023-01-30,4,1903.6544254980797,UAE,Perfume,7614.617701992319
266472,73064,2023-11-01,2,527.0017344019188,USA,T-shirt,1054.0034688038377
497710,73761,2023-05-24,1,1504.9554075653525,India,Bags,1504.9554075653525
311760,48870,2023-04-21,1,1065.5903929809601,UK,Perfume,1065.5903929809601
222744,40873,2023-08-20,8,573.68642421025,UK,Perfume,4589.491393682
975863,68627,2023-06-28,4,1564.3833376029615,UAE,Perfume,6257.533350411846
830051,76155,2023-03-13,5,1126.8334463390008,USA,Perfume,5634.167231695004
601946,35372,2023-07-29,8,1338.8989502668678,USA,Shoes,10711.191602134943
143001,13642,2023-08-08,7,679.657083726907,USA,Perfume,4757.599586088349
691652,38001,2023-03-21,8,988.4842060638298,India,T-shirt,7907.873648510638
931460,44064,2023-03-24,8,1253.8407894267307,UAE,T-shirt,10030.726315413845
338506,24122,2023-02-11,6,839.5760878261958,UAE,Shoes,5037.456526957175
853019,34820,2023-09-30,2,436.82645270301754,UAE,Perfume,873.6529054060351
530789,78431,2023-07-10,6,1925.198960014843,India,Watch,11551.193760089058
756166,65745,2023-06-22,1,1047.361703083104,UAE,Perfume,1047.361703083104
811998,60081,2023-01-07,1,1481.144722061016,UK,T-shirt,1481.144722061016
752589,80902,2023-06-04,3,851.5420274343134,UAE,Bags,2554.62608230294
599722,18711,2023-01-10,3,742.5069398501469,UAE,Bags,2227.5208195504406
785117,95132,2023-02-03,5,843.9703820108937,UAE,Watch,4219.851910054468
658924,28793,2023-02-05,1,847.9334553820171,India,Perfume,847.9334553820171
835457,18199,2023-01-06,6,1111.1512260868094,UK,Shoes,6666.907356520856
279352,86253,2023-08-03,7,1109.766246463658,UK,Perfume,7768.3637252456065
910694,46191,2023-05-14,3,1019.4499409715997,USA,Watch,3058.349822914799
966867,20211,2023-10-12,4,312.83228058900426,USA,Watch,1251.329122356017
293283,73069,2023-05-06,3,1017.3471830760357,UK,Watch,3052.041549228107
550195,98896,2023-12-03,1,379.7526058202704,UAE,Bags,379.7526058202704
869884,66746,2023-06-23,8,295.9647832767421,UAE,Perfume,2367.7182662139367
531413,31542,2023-06-01,2,1868.6591488152771,UAE,Perfume,3737.3182976305543
403988,41312,2023-11-27,1,1229.6525256380232,India,Shoes,1229.6525256380232
426898,55242,2023-01-26,8,1336.0056133429393,UAE,Watch,10688.044906743515
963561,97893,2023-04-25,7,833.4976571500594,India,Watch,5834.483600050416
402186,65388,2023-10-11,7,1822.5127392339853,UK,T-shirt,12757.589174637897
161665,37691,2023-03-16,4,1293.9644546803477,UAE,T-shirt,5175.857818721391
346584,87960,2023-06-15,9,1549.8812455709956,UAE,Bags,13948.93121013896
216953,94388,2023-07-08,6,768.696814604042,USA,Perfume,4612.180887624252
576072,32601,2023-03-19,2,1922.0231675972948,UK,Shoes,3844.0463351945896
782736,28020,2023-03-31,1,1649.8995158087143,UAE,Shoes,1649.8995158087143
286626,18155,2023-06-25,1,1715.1995028783601,India,Watch,1715.1995028783601
245271,79119,2023-01-21,9,385.7788214802208,UK,Shoes,3472.0093933219873
218533,91051,2023-02-23,4,578.378255348878,USA,Watch,2313.513021395512
698069,46777,2023-07-03,5,606.9718693829752,UK,Perfume,3034.8593469148764
565966,29710,2023-12-25,3,578.2729853313988,India,Shoes,1734.8189559941964
166262,34532,2023-08-10,4,1718.0459161033614,USA,Watch,6872.1836644134455
933032,28601,2023-11-11,8,112.17535065675462,India,Perfume,897.4028052540369
176898,73227,2023-11-24,4,198.39497851250988,UK,Perfume,793.5799140500395
555699,14967,2023-06-28,9,584.1339977283122,USA,Watch,5257.20597955481
249369,94289,2023-10-03,9,439.7523005664151,India,Watch,3957.770705097736
654736,30022,2023-04-22,6,502.1262470715543,UK,Bags,3012.757482429326
388316,53463,2023-08-12,2,1605.989219043935,India,Perfume,3211.97843808787
107657,84671,2023-08-02,7,1148.0968580894914,UAE,Watch,8036.67800662644
577602,15722,2023-02-28,9,61.25278952128759,UK,Perfume,551.2751056915884
880977,37413,2023-11-23,6,887.1793931231807,USA,Shoes,5323.076358739085
474999,91050,2023-04-19,3,845.3756073581999,USA,T-shirt,2536.1268220745997
784191,95867,2023-06-06,7,272.1932754168599,UAE,T-shirt,1905.352927918019
107906,93596,2023-07-10,5,1368.4764877728414,India,Watch,6842.382438864207
423557,76732,2023-07-19,1,1419.0895173400077,India,Watch,1419.0895173400077
678316,22297,2023-11-08,3,1455.7417771515904,USA,Perfume,4367.225331454772
893719,78323,2023-07-15,5,1470.5183438392544,India,Watch,7352.591719196272
395804,33816,2023-02-04,7,50.10301251797876,UK,Perfume,350.72108762585134
568974,50695,2023-09-03,3,1910.1455675011082,UK,Watch,5730.436702503324
946936,29702,2023-08-25,6,1637.707095756593,USA,Perfume,9826.242574539558
815080,35242,2023-04-14,5,1812.7643083491064,UK,Watch,9063.821541745532
727267,65841,2023-01-07,1,80.50442584949656,USA,Bags,80.50442584949656
134701,77712,2023-10-10,6,1871.0246517821918,India,Perfume,11226.147910693151
183300,95663,2023-01-01,8,1629.087630941804,India,Bags,13032.701047534432
865537,63574,2023-08-07,1,1682.5773287694622,India,Bags,1682.5773287694622
773034,95744,2023-08-18,2,231.9104002078386,UAE,Bags,463.8208004156772
183560,38482,2023-06-21,4,1490.6171563912656,USA,Bags,5962.468625565062
342615,19171,2023-03-28,2,1921.8375448020774,UK,Shoes,3843.675089604155
143642,13696,2023-02-10,9,1373.1673157654132,India,T-shirt,12358.505841888718
617083,30058,2023-05-03,8,1162.5947390179826,UAE,Shoes,9300.757912143861
591036,30313,2023-11-27,8,1893.977871610544,UK,Watch,15151.822972884353
427304,29149,2023-10-25,4,913.7273873821503,UK,Watch,3654.909549528601
904034,63521,2023-06-27,5,1218.6224543054334,UK,T-shirt,6093.112271527167
465464,55740,2023-03-04,4,978.859672314014,India,T-shirt,3915.438689256056
713089,14956,2023-06-14,9,1869.0501316525833,UK,T-shirt,16821.45118487325
388075,85731,2023-07-06,2,198.36521719273915,USA,Bags,396.7304343854783
194377,92612,2023-07-28,8,1027.183416609429,UAE,Shoes,8217.467332875432
915624,76641,2023-08-15,2,1389.5572607016047,UK,Watch,2779.1145214032094
932974,73811,2023-02-17,1,1594.217749923362,UK,Shoes,1594.217749923362
928952,62160,2023-08-12,3,1186.886362516066,USA,Shoes,3560.659087548198
426916,61313,2023-01-03,9,1822.3896010368353,UK,Shoes,16401.506409331516
551978,73232,2023-06-24,3,1886.88332142355,India,T-shirt,5660.649964270649
412250,25417,2023-04-09,9,175.42248522748787,India,T-shirt,1578.8023670473908
705409,34729,2023-04-26,7,834.62255210568,India,Watch,5842.35786473976
125559,40099,2023-09-27,1,95.74509235625115,UK,Watch,95.74509235625115
992027,39961,2023-09-10,5,692.3624818801637,UAE,Watch,3461.8124094008185
658030,22602,2023-11-13,9,1096.8930250426743,UAE,Shoes,9872.037225384069
956101,19256,2023-04-05,3,1826.0501144944003,UK,T-shirt,5478.150343483201
777114,96120,2023-09-30,9,1700.7809288075355,UAE,Bags,15307.028359267819
235044,44681,2023-01-24,5,298.6244670103722,UAE,Shoes,1493.122335051861
957263,97440,2023-04-26,9,231.40923074474662,UK,Perfume,2082.6830767027195
212217,74789,2023-05-31,6,1199.0713105755008,India,Shoes,7194.427863453005
666161,53361,2023-12-04,9,1087.6300462946263,UK,T-shirt,9788.670416651636
992964,74503,2023-02-19,7,569.4364007885465,India,Perfume,3986.0548055198255
503119,44540,2023-07-25,7,1803.9335148799787,India,Shoes,12627.534604159851
758380,36536,2023-12-01,8,1858.3644984500293,UAE,T-shirt,14866.915987600234
928187,94700,2023-03-20,7,835.0923047633172,UAE,T-shirt,5845.646133343221
972388,73043,2023-03-11,9,1786.0899863713644,India,Bags,16074.809877342279
186988,88532,2023-01-27,9,798.7003438127966,India,Shoes,7188.30309431517
669936,66575,2023-09-28,6,1486.7928220679153,UAE,T-shirt,8920.756932407492
225991,12871,2023-02-19,7,978.0873242180621,USA,Watch,6846.611269526435
502732,56002,2023-10-19,2,289.03715518900685,India,T-shirt,578.0743103780137
606079,59812,2023-09-04,9,1859.471692412192,India,Bags,16735.245231709727
626684,32626,2023-09-21,1,935.4883570861964,India,T-shirt,935.4883570861964
184082,69979,2023-03-20,1,1482.249728628687,UAE,Shoes,1482.249728628687
228322,86057,2023-07-09,3,765.9889381410197,UK,Shoes,2297.966814423059
756951,76668,2023-02-16,6,86.81771322365759,India,Perfume,520.9062793419455
111303,90070,2023-12-27,5,246.03419944908003,India,Shoes,1230.1709972454003
261633,99390,2023-12-20,2,1017.6279850053526,India,Perfume,2035.2559700107051
433863,52998,2023-12-18,9,1395.4304963964066,UK,Watch,12558.874467567659
349690,73814,2023-07-08,4,702.7338868295942,UK,Bags,2810.935547318377
884108,55607,2023-09-13,4,1406.2024953964183,India,Watch,5624.809981585673
199616,17812,2023-08-10,5,1412.3393993923144,India,Perfume,7061.696996961572
186231,71844,2023-08-29,8,1422.67501928927,USA,T-shirt,11381.40015431416
369458,80093,2023-09-26,4,1010.4176153399914,UK,T-shirt,4041.6704613599654
119623,12179,2023-01-01,5,1834.0279927369327,USA,Watch,9170.139963684664
823035,53798,2023-02-03,4,1003.9332100622004,India,T-shirt,4015.7328402488015
590042,84601,2023-03-20,6,928.0171273184444,India,Perfume,5568.102763910667
558298,18275,2023-08-24,3,438.79259707072265,India,Bags,1316.377791212168
576840,60574,2023-11-30,8,649.9274203448562,India,Shoes,5199.419362758849
205228,57857,2023-12-15,6,132.55226041069153,UAE,Perfume,795.3135624641492
526346,30700,2023-04-08,5,1285.393822551532,UAE,Perfume,6426.96911275766
807116,49464,2023-03-23,2,534.6447006578311,UAE,Shoes,1069.2894013156622
984056,52351,2023-07-11,7,643.1027462466569,USA,Shoes,4501.719223726598
781652,92534,2023-09-10,2,1553.0883172454262,UK,Bags,3106.1766344908524
998217,23869,2023-02-07,1,688.081307164835,India,Bags,688.081307164835
620547,70315,2023-01-14,7,522.2819894256272,UK,Bags,3655.9739259793905
972638,30954,2023-12-13,5,379.6626108107262,UAE,T-shirt,1898.313054053631
169274,41555,2023-11-06,1,1560.973884254814,India,Perfume,1560.973884254814
233541,73353,2023-07-28,4,302.92720308055243,India,Shoes,1211.7088123222097
153947,92190,2023-12-23,4,934.8198324881894,USA,Perfume,3739.2793299527575
777894,55026,2023-03-30,7,1038.513726350529,UK,Perfume,7269.596084453702
294692,56976,2023-02-25,9,1390.4103297371435,USA,Bags,12513.692967634292
148874,90578,2023-04-04,2,1284.9027905493413,UAE,Bags,2569.8055810986825
673996,55095,2023-04-03,1,1630.905312243091,UK,Perfume,1630.905312243091
174553,24270,2023-12-06,2,137.2652961561644,UAE,Bags,274.5305923123288
692632,40908,2023-03-26,7,628.0594133198246,USA,T-shirt,4396.415893238772
935570,25523,2023-09-02,6,596.2615316119906,USA,Shoes,3577.5691896719436
809662,72433,2023-01-22,4,334.73296590461104,India,Perfume,1338.9318636184441
671926,57068,2023-10-18,1,613.8975950200642,UK,Shoes,613.8975950200642
178249,29991,2023-09-29,1,654.0423625786617,UK,T-shirt,654.0423625786617
992297,20775,2023-11-02,5,1067.6747007585827,India,Bags,5338.373503792914
627007,87801,2023-05-02,1,1344.2237339061994,UK,Watch,1344.2237339061994
778250,94995,2023-05-08,7,793.1460015430374,UAE,T-shirt,5552.022010801262
570452,71250,2023-04-23,1,1452.9669510610934,UAE,Watch,1452.9669510610934
529725,26673,2023-09-30,1,705.522410230181,USA,Shoes,705.522410230181
142534,37056,2023-12-02,2,616.0531707637826,UAE,Perfume,1232.1063415275653
595518,16614,2023-05-10,3,1105.3167089211975,UK,Bags,3315.9501267635924
716529,17415,2023-05-12,1,96.24690259629168,India,T-shirt,96.24690259629168
512003,98691,2023-03-26,9,205.58879108630072,USA,Bags,1850.2991197767064
226209,53884,2023-12-16,8,865.0406099937278,India,Watch,6920.324879949822
542061,26964,2023-03-22,5,1888.6797872139252,USA,Watch,9443.398936069627
289004,47726,2023-11-21,2,1456.947970694676,USA,Perfume,2913.895941389352
716412,47044,2023-03-10,5,221.8468105260876,India,Watch,1109.234052630438
715947,67149,2023-05-28,6,1700.3201249227038,UAE,Perfume,10201.920749536223
264134,47544,2023-01-16,1,1477.986502685953,UAE,T-shirt,1477.986502685953
175713,59976,2023-11-03,4,1241.3457251201737,UAE,Perfume,4965.382900480695
842623,42252,2023-04-15,9,1649.5712731878957,UAE,Watch,14846.141458691061
588972,13832,2023-06-14,2,838.0142030987663,India,Shoes,1676.0284061975326
175418,90437,2023-07-20,5,481.9270491650129,UK,Perfume,2409.6352458250644
228232,44148,2023-07-16,1,1048.4456087620806,USA,Bags,1048.4456087620806
620551,71240,2023-07-04,4,1120.241423407274,India,Shoes,4480.965693629096
263038,98454,2023-11-18,4,1099.7364254193285,UAE,Perfume,4398.945701677314
268383,95076,2023-09-22,6,1151.8938933862053,UAE,Bags,6911.363360317231
918007,87116,2023-12-29,9,1899.9745905664026,India,Shoes,17099.771315097623
425996,63459,2023-04-10,3,1809.3789650376511,USA,Perfume,5428.136895112953
358722,48402,2023-12-08,9,1757.6482212899318,India,T-shirt,15818.833991609386
232079,67727,2023-11-16,6,1612.7627812718229,India,Bags,9676.576687630937
302053,48578,2023-08-02,7,1889.6848091673064,UK,T-shirt,13227.793664171146
700530,32318,2023-10-05,2,242.06455127483633,India,Watch,484.12910254967267
278589,85715,2023-06-11,6,566.990359819192,UK,Perfume,3401.942158915152
603238,87787,2023-06-06,6,1015.3590940264405,USA,Perfume,6092.154564158644
129257,95029,2023-09-08,2,1700.7422615906403,India,Bags,3401.4845231812806
580488,30466,2023-04-07,2,1035.0731374693282,India,Perfume,2070.1462749386565
535423,55475,2023-01-18,2,1508.667741716098,UAE,Watch,3017.335483432196
244353,70142,2023-11-23,1,320.9718152353866,India,Perfume,320.9718152353866
423390,95160,2023-04-07,5,542.2069353042923,UAE,Shoes,2711.0346765214617
363579,36564,2023-01-01,8,1476.9633853234611,UAE,T-shirt,11815.707082587689
329947,32412,2023-08-04,2,371.2313173310619,UAE,Watch,742.4626346621238
331758,61001,2023-05-12,5,735.1440725771072,USA,Watch,3675.720362885536
715645,67649,2023-09-17,8,566.4892027364643,UK,T-shirt,4531.913621891715
257732,70957,2023-05-05,5,732.230303733833,UAE,T-shirt,3661.151518669165
827955,45517,2023-03-23,2,1431.231895702042,India,Watch,2862.463791404084
708095,23156,2023-10-10,3,767.302003228462,India,T-shirt,2301.906009685386
538755,33064,2023-06-20,6,1132.7634790854834,UAE,Bags,6796.5808745129
238563,35711,2023-02-28,5,244.8671602560988,UAE,T-shirt,1224.335801280494
883066,40106,2023-02-01,4,1619.7845018075243,India,Shoes,6479.138007230097
606047,75458,2023-06-10,4,771.2828200138434,UAE,Shoes,3085.1312800553737
805552,26589,2023-10-11,5,1314.6416101150178,UK,Bags,6573.208050575089
426032,99272,2023-04-16,2,1464.5097232405737,UK,T-shirt,2929.0194464811475
697897,96511,2023-04-15,9,458.83879811781577,USA,Shoes,4129.549183060342
895509,17214,2023-08-16,2,1775.1162206590325,UAE,Perfume,3550.232441318065
872800,95731,2023-07-07,2,1251.6372906335582,USA,T-shirt,2503.2745812671164
353973,37127,2023-03-11,9,886.0140264153889,USA,Bags,7974.1262377385
383097,15141,2023-11-14,3,405.5536079775281,USA,T-shirt,1216.6608239325842
476826,38884,2023-10-17,7,1887.4868289073531,UAE,Watch,13212.407802351472
614257,12708,2023-03-28,4,1522.382998056669,USA,Watch,6089.531992226676
954321,28375,2023-12-28,6,455.6478973298353,UK,Shoes,2733.8873839790117
779181,25088,2023-02-25,4,708.5360107122378,USA,Watch,2834.1440428489514
530783,67615,2023-04-23,7,1628.8648032717429,UK,Bags,11402.0536229022
215374,55046,2023-01-13,1,1406.571443269911,UK,Shoes,1406.571443269911
649148,20014,2023-01-18,3,1543.2793707956625,UAE,Bags,4629.838112386988
776555,74425,2023-07-01,3,910.3421493152182,USA,Bags,2731.0264479456546
701763,13273,2023-04-23,1,1447.1287121522255,UAE,Watch,1447.1287121522255
584090,57135,2023-08-17,6,803.6627595846318,UK,Watch,4821.976557507791
973698,40881,2023-06-20,9,461.96268802948305,India,Bags,4157.664192265347
776787,88077,2023-10-22,8,1283.720217940652,USA,Watch,10269.761743525216
987164,18712,2023-07-08,7,1953.2271549176487,UAE,Watch,13672.59008442354
389227,84704,2023-03-20,8,655.6718942208927,India,Watch,5245.3751537671415
842406,62874,2023-05-26,6,948.8907048144523,USA,T-shirt,5693.344228886714
943804,79087,2023-07-01,9,1364.3026735862145,USA,Bags,12278.724062275931
748074,22297,2023-10-13,3,1105.9372501388514,UAE,Perfume,3317.811750416554
632101,37128,2023-09-07,9,1694.6842016326461,India,Bags,15252.157814693815
131598,78368,2023-12-20,4,1535.398277615556,UAE,Shoes,6141.593110462224
605934,97599,2023-11-10,7,163.67954753159623,USA,Watch,1145.7568327211736
882239,98499,2023-07-15,9,1996.9214061513594,USA,Watch,17972.292655362235
717394,88958,2023-11-19,2,1517.1847847529611,UK,Perfume,3034.3695695059223
389226,42920,2023-03-12,2,1734.6114667735208,USA,Shoes,3469.2229335470415
915673,21156,2023-09-05,9,1319.8355385859254,USA,T-shirt,11878.519847273328
327286,21108,2023-05-26,3,1719.7559996911864,India,Bags,5159.26799907356
537785,41845,2023-04-16,9,269.14680111098335,India,T-shirt,2422.32120999885
111745,12800,2023-09-20,5,728.0887793406654,UK,Shoes,3640.443896703327
912461,52712,2023-10-23,6,1759.0208400287609,UK,Perfume,10554.125040172565
244097,12610,2023-03-11,2,443.22766197043984,UK,Shoes,886.4553239408797
332732,87603,2023-07-12,8,202.57209223104434,UAE,Perfume,1620.5767378483547
769648,43872,2023-03-09,9,1586.831932893177,UAE,T-shirt,14281.487396038594
713474,20728,2023-11-01,2,1679.1980035044276,UK,T-shirt,3358.396007008855
984200,30583,2023-02-21,6,367.1718254703062,UAE,Shoes,2203.030952821837
313030,95774,2023-12-29,6,1715.9746664262952,USA,Shoes,10295.847998557772
824238,17263,2023-10-12,8,1389.1972014144808,UK,Watch,11113.577611315846
666134,77450,2023-11-30,5,1064.1612322723386,UK,Perfume,5320.806161361693
438076,99285,2023-01-09,9,1668.9878759237008,UAE,Watch,15020.890883313306
248554,29456,2023-09-08,1,867.5360361719833,India,Bags,867.5360361719833
385555,75942,2023-11-28,9,428.28821463562457,UK,Bags,3854.593931720621
544191,23689,2023-10-25,7,605.4627193906966,UAE,Shoes,4238.239035734877
553761,42934,2023-07-03,4,1035.069835671964,UAE,T-shirt,4140.279342687856
605518,43276,2023-06-28,3,1086.0950457126926,India,Bags,3258.2851371380775
440941,29873,2023-07-17,6,1620.8826115604056,UK,Bags,9725.295669362433
414451,23050,2023-05-08,1,1593.1378111220522,India,Watch,1593.1378111220522
384186,76216,2023-01-20,3,1183.664786548921,USA,Watch,3550.994359646763
677218,94444,2023-11-24,2,1572.531692562679,India,Bags,3145.063385125358
872944,94040,2023-03-06,9,423.9582436726584,India,Shoes,3815.6241930539254
537629,31644,2023-07-01,3,147.62582783192397,UAE,Watch,442.8774834957719
868747,72021,2023-08-29,2,1753.5859541376653,India,Bags,3507.1719082753307
324695,47125,2023-01-24,4,197.33126283740066,USA,T-shirt,789.3250513496026
984315,76899,2023-03-24,2,531.0424380007947,UAE,Watch,1062.0848760015895
395900,52291,2023-11-15,1,1405.87195176755,USA,Bags,1405.87195176755
153268,45060,2023-07-04,6,848.4234783732528,India,Perfume,5090.540870239517
532430,11538,2023-11-12,8,1758.812241335242,USA,Watch,14070.497930681937
312943,46176,2023-04-09,2,631.0605995914256,USA,Perfume,1262.1211991828511
883204,51520,2023-03-03,9,73.14912600525062,India,Watch,658.3421340472556
521818,35675,2023-10-13,3,636.278499093451,India,Watch,1908.8354972803531
808691,28287,2023-01-22,8,1177.2463459104217,UAE,Perfume,9417.970767283374
673189,10174,2023-07-31,8,783.079832036422,UAE,Shoes,6264.638656291376
462130,44998,2023-05-06,3,1093.0018737295727,UK,Bags,3279.005621188718
294488,63312,2023-02-11,3,1759.3663317282865,UAE,Shoes,5278.09899518486
787556,22112,2023-04-08,6,1829.3458557492186,India,Shoes,10976.075134495311
490530,85225,2023-01-31,1,568.6494260755186,USA,Bags,568.6494260755186
892058,54814,2023-06-07,4,951.1739228763064,USA,T-shirt,3804.6956915052256
762784,95091,2023-04-22,1,1120.8308297208298,UAE,Shoes,1120.8308297208298
899289,60719,2023-09-04,3,1900.7692909320817,UAE,Shoes,5702.307872796246
341531,43919,2023-05-02,9,1997.3037723705502,India,Shoes,17975.73395133495
346693,83155,2023-09-30,5,509.04413524097697,USA,T-shirt,2545.220676204885
803650,81569,2023-10-21,5,1467.6107491243401,UK,Watch,7338.053745621701
650719,51328,2023-07-26,4,787.1605713547306,UK,Perfume,3148.6422854189223
971408,80482,2023-04-20,3,65.81098392811579,UAE,Perfume,197.43295178434738
338360,34618,2023-10-05,5,68.04241875000959,UK,T-shirt,340.2120937500479
444855,44675,2023-02-25,4,948.1037147463987,India,Shoes,3792.414858985595
607403,28919,2023-02-26,8,1002.2530803584525,UK,Perfume,8018.02464286762
126385,14173,2023-10-18,4,94.01090831821318,UAE,T-shirt,376.04363327285273
531374,36400,2023-04-24,8,1389.5084627098897,India,Bags,11116.067701679118
516235,60445,2023-11-04,6,623.3066077601586,USA,Perfume,3739.8396465609517
380783,80305,2023-12-07,5,1141.7915479951014,India,Bags,5708.957739975507
185530,47564,2023-07-17,4,636.7921926725666,UAE,Shoes,2547.1687706902662
855271,55814,2023-11-17,4,375.911913995149,UAE,Perfume,1503.647655980596
383707,89747,2023-06-28,4,843.9887902678068,UK,T-shirt,3375.9551610712274
477816,98791,2023-08-07,9,502.9330613414765,UK,Watch,4526.397552073288
529660,37962,2023-10-04,4,1092.8619049923777,USA,Perfume,4371.447619969511
501927,94892,2023-01-16,9,437.7156340586359,USA,Perfume,3939.440706527723
829678,95842,2023-03-02,6,1041.391654457023,UAE,Perfume,6248.3499267421375
445114,80533,2023-02-23,7,356.8881039942917,UAE,Perfume,2498.216727960042
343373,66184,2023-06-17,3,1358.4006834972806,UAE,T-shirt,4075.202050491842
447697,92912,2023-01-26,8,1520.178484660777,USA,T-shirt,12161.427877286216
261779,20578,2023-12-02,3,265.2687567873709,UAE,Watch,795.8062703621126
270182,28624,2023-03-06,1,962.2147034728114,USA,T-shirt,962.2147034728114
817148,49194,2023-04-10,5,188.1998162770035,UAE,T-shirt,940.9990813850175
707167,10389,2023-03-15,2,1216.4557688069046,India,Shoes,2432.9115376138093
338260,77391,2023-07-11,6,565.5883809628085,India,Shoes,3393.530285776851
931291,23794,2023-06-20,9,1078.8676908354803,UAE,Bags,9709.809217519323
938530,68002,2023-09-30,1,1059.048968299368,India,Watch,1059.048968299368
770611,45531,2023-07-06,4,1852.490975077911,USA,Shoes,7409.963900311644
746701,62815,2023-01-23,1,1120.7122840090096,UK,Watch,1120.7122840090096
886958,14986,2023-06-30,1,1186.8470354507156,India,Watch,1186.8470354507156
430904,42298,2023-11-23,8,833.2235952405415,UK,Perfume,6665.788761924332
147837,11481,2023-04-18,2,1900.7052262064929,India,Watch,3801.4104524129857
618349,66408,2023-12-01,1,1565.5125234072389,USA,Perfume,1565.5125234072389
884838,79267,2023-06-11,8,606.5403160905411,India,Bags,4852.322528724329
897968,26835,2023-10-29,4,1696.2086922636524,India,Bags,6784.83476905461
652829,37798,2023-07-25,3,893.1729023609255,UAE,Bags,2679.5187070827765
179083,74887,2023-03-19,4,1665.9009298905082,UK,Perfume,6663.603719562033
658819,29477,2023-01-16,5,1654.631733172329,UK,Perfume,8273.158665861645
370856,27266,2023-11-23,1,418.29686418756603,USA,Bags,418.29686418756603
466245,96328,2023-04-06,1,1417.225206197975,USA,Perfume,1417.225206197975
951887,95988,2023-05-27,3,616.7537901477357,UK,T-shirt,1850.261370443207
699032,53526,2023-01-02,6,630.110706485703,UAE,T-shirt,3780.664238914218
877147,21889,2023-01-10,1,627.8787499171324,UAE,Perfume,627.8787499171324
754037,34335,2023-05-05,2,1464.858082741899,UK,Perfume,2929.716165483798
891541,21254,2023-03-22,7,498.16078149544535,India,Shoes,3487.1254704681173
935700,96610,2023-05-20,1,51.76637872987594,UK,Shoes,51.76637872987594
856097,21442,2023-11-22,7,1444.7118642911346,India,Watch,10112.983050037943
941047,56289,2023-05-30,4,383.8102504784943,UK,Watch,1535.2410019139772
706791,63747,2023-10-15,6,253.74067085027758,India,Watch,1522.4440251016654
354346,47327,2023-12-27,8,513.1564351584173,UAE,Bags,4105.251481267338
709996,26199,2023-12-06,9,790.8060185292728,UK,T-shirt,7117.254166763455
815472,82827,2023-05-09,6,978.0173385727414,USA,Bags,5868.104031436449
726759,10112,2023-08-27,9,136.9115793896301,India,Perfume,1232.204214506671
878513,97051,2023-02-27,4,1942.6179986233528,UAE,Shoes,7770.471994493411
257661,29581,2023-07-17,6,1446.3229541681383,USA,Perfume,8677.93772500883
785375,69722,2023-07-30,8,680.2284273824555,UAE,Perfume,5441.827419059644
260081,26523,2023-02-14,9,671.4596517065248,India,Shoes,6043.136865358723
969741,76960,2023-04-07,3,924.6579712684958,UK,Perfume,2773.9739138054874
488590,29552,2023-10-06,2,1271.1774043879143,UAE,Watch,2542.3548087758286
817406,20808,2023-01-23,6,335.4274798484871,UK,Shoes,2012.5648790909227
993093,82525,2023-12-01,4,418.41313684165704,UK,Perfume,1673.6525473666281
781503,33620,2023-02-13,1,1725.8974365254242,UAE,Watch,1725.8974365254242
106154,10887,2023-01-27,8,549.6971015836915,UAE,Watch,4397.576812669532
777164,41802,2023-10-09,9,791.3802460515961,UAE,T-shirt,7122.422214464365
164288,95024,2023-04-07,9,1748.9801093527283,UK,Watch,15740.820984174554
151195,91938,2023-02-05,2,1343.138267329654,USA,Bags,2686.276534659308
382725,96741,2023-04-19,9,716.3381647162922,India,Shoes,6447.04348244663
545864,36049,2023-02-24,7,1383.2141141630104,USA,Shoes,9682.498799141073
392231,87789,2023-07-11,5,88.38226999375674,UK,Shoes,441.91134996878367
805290,94526,2023-08-07,7,1484.5031870221621,UAE,Perfume,10391.522309155134
264053,17846,2023-07-04,9,999.681279006667,UAE,Perfume,8997.131511060003
693586,56220,2023-03-10,8,1635.7051872046995,India,Bags,13085.641497637596
932599,56163,2023-11-13,6,1911.5434214126133,India,Watch,11469.26052847568
830664,13765,2023-05-10,4,1855.2876715144082,USA,Perfume,7421.150686057633
536624,91486,2023-02-24,1,1823.0668347379144,USA,Watch,1823.0668347379144
139499,55270,2023-04-07,6,1048.73141407108,India,Watch,6292.38848442648
487960,85277,2023-12-02,3,752.2771225709291,UK,Perfume,2256.831367712787
545485,98278,2023-03-28,6,956.8188832248119,USA,Perfume,5740.913299348871
793919,32931,2023-10-21,6,1395.2972064610535,UAE,Bags,8371.783238766322
345198,99116,2023-04-29,4,1773.7956648988143,UAE,T-shirt,7095.182659595257
567535,65633,2023-07-27,2,453.6232908502331,UK,Shoes,907.2465817004662
867285,90702,2023-11-30,9,1840.476659000321,India,Perfume,16564.289931002888
720635,61913,2023-06-03,2,1639.6014523412837,USA,Perfume,3279.2029046825674
410931,35991,2023-02-04,3,1958.7692295975576,UAE,Watch,5876.307688792673
397632,64845,2023-03-20,1,1766.49095789929,India,T-shirt,1766.49095789929
436585,65312,2023-03-08,7,595.877792899218,USA,Perfume,4171.144550294526
830023,20561,2023-12-09,1,256.614027120893,UK,T-shirt,256.614027120893
122431,26901,2023-02-03,9,268.8700903835978,UAE,Shoes,2419.8308134523804
423825,72875,2023-04-07,1,617.8854712276384,UK,Watch,617.8854712276384
294555,35917,2023-06-18,5,1247.6582617698516,UK,Bags,6238.291308849258
747008,72120,2023-06-18,7,1618.4246358894864,UK,Shoes,11328.972451226404
673441,11988,2023-05-31,3,1803.5380986140513,USA,T-shirt,5410.614295842153
368512,24256,2023-03-12,9,1266.3190995200039,UK,T-shirt,11396.871895680035
998792,97728,2023-01-03,8,60.981059858704775,USA,Shoes,487.8484788696382
276076,38230,2023-11-10,3,413.31771421114036,USA,T-shirt,1239.953142633421
319724,69778,2023-02-01,5,244.46609751406749,UK,Bags,1222.3304875703375
999187,55833,2023-10-14,7,758.4827273595696,UK,Bags,5309.3790915169875
681273,32625,2023-03-23,4,1027.6344375858046,India,T-shirt,4110.537750343218
936501,42088,2023-02-12,5,134.62449822819366,UAE,T-shirt,673.1224911409684
414470,89650,2023-04-15,3,729.5320528015278,India,Bags,2188.5961584045835
733025,51167,2023-01-01,9,399.400365519379,UAE,T-shirt,3594.6032896744114
836421,81291,2023-03-02,9,1311.7868242048041,UAE,Perfume,11806.081417843237
778758,75303,2023-09-27,7,955.331120182463,India,Watch,6687.317841277241
853753,86361,2023-06-29,2,1015.8694115211222,India,Perfume,2031.7388230422443
150861,98229,2023-08-12,7,883.9989866652492,UAE,T-shirt,6187.992906656744
438041,14117,2023-01-06,7,1914.2384354488056,UAE,T-shirt,13399.669048141639
312977,70710,2023-04-13,5,468.7334939870483,UAE,Watch,2343.6674699352416
751406,77054,2023-01-10,9,1057.495306695555,USA,T-shirt,9517.457760259995
955009,40949,2023-03-12,3,1485.233868312405,UAE,Watch,4455.701604937215
821001,32547,2023-03-31,4,1135.846605612397,UK,Bags,4543.386422449588
109078,91882,2023-08-14,1,1861.5907271477622,UK,Watch,1861.5907271477622
424912,78136,2023-06-07,6,787.0382935005041,UK,Watch,4722.229761003025
675335,74619,2023-08-16,4,954.1678212576971,India,Perfume,3816.6712850307886
958058,71842,2023-05-06,1,222.61851466872042,India,T-shirt,222.61851466872042
944092,36990,2023-07-28,2,1237.5482665512607,India,Bags,2475.0965331025213
859746,26193,2023-04-07,3,612.0133384738068,UAE,Shoes,1836.0400154214203
495141,40109,2023-03-15,9,362.6026270553593,UK,Watch,3263.4236434982336
315048,29233,2023-04-25,8,1111.8360211637907,UAE,Shoes,8894.688169310326
860581,91730,2023-07-10,7,1088.0050135908257,USA,T-shirt,7616.03509513578
742120,44510,2023-06-19,4,197.94970038689272,USA,Watch,791.7988015475709
749438,11306,2023-11-03,1,1411.5201343142219,India,Shoes,1411.5201343142219
257087,13849,2023-07-23,8,1266.355771769163,USA,Perfume,10130.846174153305
133320,22360,2023-02-25,4,418.5837013556696,UK,Shoes,1674.3348054226783
427025,55800,2023-07-27,3,965.3979812003855,USA,Perfume,2896.1939436011567
715115,46963,2023-02-10,9,1454.629687133192,India,Bags,13091.667184198728
613287,64330,2023-02-01,4,1082.3996940554891,UAE,T-shirt,4329.5987762219565
464359,61707,2023-01-15,4,821.203698557962,USA,Shoes,3284.814794231848
359931,28689,2023-03-03,9,678.5599932578401,UK,Watch,6107.039939320561
506845,39084,2023-06-04,2,1240.2680399559044,UK,T-shirt,2480.536079911809
947982,50387,2023-10-11,5,1881.261961704969,UK,Shoes,9406.309808524846
649114,84816,2023-07-28,4,1359.9024389310925,UAE,Watch,5439.60975572437
200734,12642,2023-11-16,9,195.75451209081524,UK,Watch,1761.7906088173372
257702,52137,2023-07-06,5,948.3356982901608,India,Watch,4741.678491450804
854122,89832,2023-05-10,9,1787.1070564457236,India,Watch,16083.963508011513
277235,65561,2023-05-07,9,234.20173031211942,UK,Shoes,2107.8155728090746
198511,72260,2023-10-19,2,1978.3076386682094,USA,Bags,3956.615277336419
373797,25438,2023-04-24,9,1900.6853176085715,UK,Perfume,17106.167858477143
783321,58442,2023-07-18,3,202.63523742325793,India,Perfume,607.9057122697739
706229,12994,2023-01-13,4,1870.1559748766322,India,Perfume,7480.623899506529
829497,11813,2023-09-28,1,758.1085510059513,India,Bags,758.1085510059513
920094,94381,2023-03-30,1,1697.182875797932,USA,Watch,1697.182875797932
198818,65276,2023-08-03,1,865.8475085408795,USA,Watch,865.8475085408795
252360,51243,2023-10-05,9,909.667469769906,USA,T-shirt,8187.007227929154
877915,72912,2023-07-22,8,1286.774027406208,India,Perfume,10294.192219249664
719369,70272,2023-03-15,5,1560.2309675881675,UAE,Perfume,7801.154837940838
661165,52051,2023-01-25,5,115.88884434908483,UK,Watch,579.4442217454242
473706,88854,2023-04-11,9,1206.6541912779119,UK,Perfume,10859.887721501207
311957,92736,2023-06-25,3,414.1293384898734,India,Watch,1242.3880154696203
172715,75618,2023-04-27,3,724.6015598332457,USA,Watch,2173.804679499737
241398,11920,2023-06-15,7,728.5388990026721,UAE,Watch,5099.772293018705
734379,87219,2023-02-10,9,964.6676634312496,UAE,Shoes,8682.008970881247
619052,86872,2023-12-10,6,701.5660031585381,USA,Shoes,4209.396018951229
232632,91132,2023-04-30,2,259.3541809788021,UK,Shoes,518.7083619576042
965580,12093,2023-04-07,1,333.9760401246303,UK,Shoes,333.9760401246303
183186,22905,2023-05-25,2,115.20407184414046,UAE,Bags,230.40814368828092
787250,34351,2023-08-04,1,966.9857163910709,UAE,T-shirt,966.9857163910709
251094,40981,2023-08-17,9,1911.1730049633277,USA,T-shirt,17200.55704466995
694604,83903,2023-11-09,8,275.56668611382725,UK,Watch,2204.533488910618
128380,80821,2023-05-10,7,1895.21576135601,UAE,Perfume,13266.51032949207
734486,92289,2023-12-18,3,1480.0549537275824,UK,Shoes,4440.164861182748
364500,94021,2023-11-14,8,1293.1226657216182,UAE,T-shirt,10344.981325772946
170326,88513,2023-05-17,2,1308.2916228809477,USA,T-shirt,2616.5832457618953
978879,29874,2023-11-20,2,1662.1189143727502,UK,Shoes,3324.2378287455003
739282,60931,2023-12-03,3,258.49373554065164,UAE,Bags,775.4812066219549
320971,17674,2023-09-30,7,1034.2709309528063,UAE,Bags,7239.896516669644
906481,60516,2023-04-27,1,1409.3277196084791,UAE,T-shirt,1409.3277196084791
568933,70686,2023-11-02,8,1194.2998678934491,UAE,Bags,9554.398943147593
991793,79212,2023-04-04,7,1673.9191884954246,USA,Shoes,11717.434319467971
902514,12426,2023-06-17,4,190.9298325721354,UK,T-shirt,763.7193302885416
887093,78498,2023-07-22,5,1396.8670270233736,UK,Shoes,6984.335135116868
268484,39943,2023-12-07,1,1091.3540742501996,India,Bags,1091.3540742501996
889352,76395,2023-05-29,4,789.3636847608897,UK,Shoes,3157.4547390435587
584410,54816,2023-07-02,1,713.5362153563601,India,Bags,713.5362153563601
869666,14138,2023-06-01,1,1260.623633909676,UAE,Bags,1260.623633909676
441705,85945,2023-03-15,1,1787.4409805563164,USA,Shoes,1787.4409805563164
895378,14017,2023-12-31,7,1017.5430558971748,USA,Bags,7122.8013912802235
325314,20451,2023-10-01,7,1658.2101699499942,UAE,Watch,11607.47118964996
538716,72956,2023-02-11,4,834.2049445957366,India,Shoes,3336.8197783829464
859900,20278,2023-07-31,2,249.66920244669427,UAE,Watch,499.33840489338854
902741,53764,2023-04-11,3,169.93618609434517,USA,Shoes,509.8085582830355
679518,11134,2023-02-14,8,150.10202408117127,USA,Bags,1200.8161926493701
998254,72943,2023-03-23,8,791.2927768174563,UK,Bags,6330.342214539651
591872,64318,2023-01-17,6,707.613614129892,India,T-shirt,4245.681684779352
616998,70128,2023-03-14,9,1449.9771960640105,UK,T-shirt,13049.794764576094
619984,98056,2023-01-14,9,1498.5019280904883,USA,Watch,13486.517352814395
565757,31869,2023-06-06,4,149.16523922579267,USA,Bags,596.6609569031707
474484,15039,2023-08-11,1,481.1903626335792,UK,T-shirt,481.1903626335792
608062,31281,2023-05-12,1,584.8106078098544,UK,Bags,584.8106078098544
683609,20442,2023-12-04,5,1117.8433690784784,USA,Shoes,5589.216845392392
232028,83788,2023-02-16,2,331.80468661855303,UK,T-shirt,663.6093732371061
331447,37586,2023-04-17,6,311.18537783000073,UK,Watch,1867.1122669800043
960563,63053,2023-04-18,7,1890.3883339555182,India,T-shirt,13232.718337688628
541124,60489,2023-09-22,1,1618.1956692306728,USA,Bags,1618.1956692306728
912395,93104,2023-07-24,6,402.2770590777821,UAE,Perfume,2413.6623544666927
726045,96346,2023-03-20,8,842.8072254157074,India,Perfume,6742.457803325659
532659,77087,2023-06-04,5,743.4628985522528,UAE,Bags,3717.314492761264
985691,22625,2023-09-28,7,1592.4579444275441,UK,Shoes,11147.205610992809
401207,44397,2023-09-04,6,1044.915187132338,UK,T-shirt,6269.491122794027
476369,68671,2023-01-19,4,299.3069871372607,UAE,Perfume,1197.2279485490428
478544,76897,2023-12-12,7,1491.0345231546755,UK,Shoes,10437.241662082728
442962,36149,2023-01-26,9,823.931557538592,UK,Bags,7415.384017847327
366847,70030,2023-08-05,7,562.7022828826867,India,Shoes,3938.9159801788073
820488,79906,2023-06-03,5,782.2223129404043,UAE,Bags,3911.1115647020215
696387,15283,2023-06-03,7,1020.6252990334478,India,T-shirt,7144.377093234135
519065,17610,2023-06-23,3,719.0752570131684,UAE,Shoes,2157.225771039505
787220,53326,2023-04-02,2,521.7162565539278,India,T-shirt,1043.4325131078556
131585,24924,2023-12-04,5,827.0789561677617,USA,Shoes,4135.394780838808
515231,86162,2023-06-30,4,87.38717596230157,USA,Bags,349.5487038492063
667873,10869,2023-05-11,5,1556.3707998878122,UAE,Bags,7781.853999439061
389102,11014,2023-10-25,8,383.34254245679233,USA,Shoes,3066.7403396543386
388161,20103,2023-10-02,4,135.61399657974263,India,Bags,542.4559863189705
486821,92522,2023-09-30,9,1324.7124511649045,UAE,Watch,11922.412060484141
915858,43458,2023-03-17,7,1559.175451206161,USA,Watch,10914.228158443126
379922,92409,2023-06-26,7,1636.9668066060442,USA,T-shirt,11458.76764624231
800601,33248,2023-07-03,8,1012.3429061881699,UAE,Watch,8098.743249505359
142229,99160,2023-11-15,6,450.46796014547135,USA,Watch,2702.807760872828
186652,53516,2023-05-11,8,1487.593970637162,USA,Perfume,11900.751765097297
349474,39061,2023-12-29,3,1414.4405004509574,UAE,Perfume,4243.3215013528725
803724,34170,2023-02-18,1,530.2279315011879,USA,Perfume,530.2279315011879
360116,18024,2023-02-24,6,1811.6451239324463,USA,Perfume,10869.870743594678
971310,92214,2023-06-03,1,253.52434326151655,USA,Bags,253.52434326151655
943488,95947,2023-12-21,9,1966.242067203085,USA,T-shirt,17696.178604827765
620985,53803,2023-07-19,2,1727.483231406056,UK,T-shirt,3454.966462812112
119975,29296,2023-11-04,2,1391.4023586841965,UAE,Watch,2782.804717368393
257795,96664,2023-12-22,7,1880.562282145674,UK,T-shirt,13163.935975019718
516495,28257,2023-04-28,2,1458.50677823123,UK,Watch,2917.01355646246
309373,22855,2023-09-20,8,421.39114420858954,India,T-shirt,3371.1291536687163
297133,95178,2023-02-15,6,912.2044693199829,UK,Shoes,5473.2268159198975
974829,30025,2023-10-29,7,189.43089744668893,UK,Shoes,1326.0162821268225
804513,14458,2023-12-22,7,809.831973461825,India,T-shirt,5668.823814232775
395286,73610,2023-07-08,6,1496.125888487557,USA,Bags,8976.755330925342
913348,80843,2023-11-06,9,803.5645343150939,USA,Watch,7232.080808835844
688612,93961,2023-11-14,9,694.0736421628615,UK,T-shirt,6246.662779465753
276037,59831,2023-05-09,7,1210.9436588951082,India,Watch,8476.605612265757
488076,53427,2023-02-18,9,1750.7988315478453,USA,Perfume,15757.189483930608
760008,48506,2023-01-25,3,142.78722546491923,India,T-shirt,428.3616763947577
790493,15668,2023-09-23,3,801.667347664484,UAE,Bags,2405.002042993452
720347,57195,2023-04-28,1,358.5694465397623,UAE,Perfume,358.5694465397623
722605,83233,2023-05-24,5,1405.9407889271458,UAE,T-shirt,7029.703944635729
825495,34417,2023-07-19,4,256.16289284071297,UAE,Shoes,1024.6515713628519
397190,91982,2023-06-06,2,1346.3751292314769,UK,T-shirt,2692.7502584629538
540280,20751,2023-12-14,9,608.0526980559193,UAE,Shoes,5472.474282503274
201459,56218,2023-05-14,3,437.88778678758814,UAE,Shoes,1313.6633603627645
861985,17352,2023-05-28,8,1875.8874877587216,India,T-shirt,15007.099902069773
300422,89052,2023-12-02,6,86.12292465461394,USA,T-shirt,516.7375479276836
932325,98835,2023-03-12,5,903.6656801846594,India,Shoes,4518.3284009232975
201520,38927,2023-08-21,1,92.17263530049787,UK,Watch,92.17263530049787
685560,51094,2023-11-30,4,993.0064438034416,UAE,Perfume,3972.0257752137663
847512,64122,2023-10-26,3,1027.0423866991155,USA,Bags,3081.1271600973464
616123,39493,2023-06-03,1,677.2418192197567,USA,T-shirt,677.2418192197567
429793,83539,2023-03-31,5,307.7154661737962,UAE,Perfume,1538.5773308689809
426818,41707,2023-11-30,6,783.9556985822269,UAE,Perfume,4703.734191493361
244832,78814,2023-07-18,2,1360.9127328685038,UK,Watch,2721.8254657370076
252999,17296,2023-06-10,3,1575.6718268566954,UK,Perfume,4727.015480570086
448619,35398,2023-01-26,6,1084.9636746568774,UAE,T-shirt,6509.782047941264
161367,45842,2023-05-01,4,1200.1770691575234,UAE,Perfume,4800.708276630094
853315,23261,2023-10-28,9,441.20192369307273,UAE,T-shirt,3970.8173132376546
505804,86709,2023-07-31,5,610.2941497939164,UAE,T-shirt,3051.470748969582
857038,66704,2023-03-04,4,365.6964396020989,USA,Shoes,1462.7857584083956
335806,77173,2023-03-09,2,536.125932508992,UK,Watch,1072.251865017984
807593,41781,2023-09-10,6,488.52922143978697,UAE,Bags,2931.175328638722
144738,23652,2023-01-02,2,1062.9251334629134,UAE,Shoes,2125.850266925827
657685,15103,2023-04-18,7,1147.2430737919224,USA,Bags,8030.701516543457
444333,35500,2023-10-13,3,1892.6474706019337,India,T-shirt,5677.942411805801
438511,45529,2023-02-18,9,431.36276184797,UAE,Shoes,3882.26485663173
302332,28452,2023-05-20,5,1301.267634814917,USA,Perfume,6506.338174074585
482729,59393,2023-08-06,8,1643.6555745256696,USA,Perfume,13149.244596205357
963051,41174,2023-02-13,6,1142.4708543769523,India,Bags,6854.825126261714
211453,74450,2023-09-26,8,547.2571223770976,UK,T-shirt,4378.056979016781
119816,45436,2023-03-19,3,561.9729485390004,UK,Bags,1685.9188456170014
869299,57406,2023-08-04,3,126.54345348844983,UK,Watch,379.6303604653495
965962,73059,2023-04-08,5,645.6162417695393,UAE,Perfume,3228.081208847697
516715,25954,2023-08-24,3,1501.9771740565911,UK,Shoes,4505.931522169773
471000,92722,2023-10-09,8,142.65962655386522,UAE,Shoes,1141.2770124309218
313567,22356,2023-05-29,8,477.6258008844198,UAE,Shoes,3821.0064070753583
614933,12187,2023-10-31,2,1427.1533721369747,USA,Perfume,2854.3067442739493
695923,87243,2023-03-07,4,1576.1705475046094,UK,T-shirt,6304.682190018438
994235,45098,2023-08-22,1,937.8708996207604,UK,Perfume,937.8708996207604
316184,31225,2023-03-28,4,1411.2449600333653,UK,Perfume,5644.979840133461
398090,13606,2023-03-20,4,806.5067288770394,UAE,Shoes,3226.026915508158
417348,67620,2023-07-24,9,361.83082779704864,UAE,Perfume,3256.477450173438
282958,42828,2023-10-06,3,826.3915123696677,UK,Shoes,2479.174537109003
377707,36489,2023-12-03,2,1180.9372493961287,UAE,T-shirt,2361.8744987922573
192324,24387,2023-09-11,9,1898.703899613136,UAE,Watch,17088.335096518225
323536,79463,2023-10-31,9,184.0643565729208,India,Shoes,1656.579209156287
857232,81832,2023-05-10,1,1039.4184829976732,India,Bags,1039.4184829976732
371991,12591,2023-03-25,6,691.3935675109126,UK,Watch,4148.361405065476
126155,58516,2023-10-03,8,1041.2078038395543,UK,T-shirt,8329.662430716435
441815,72061,2023-07-06,3,96.75212238423677,India,Watch,290.2563671527103
741179,76736,2023-02-15,9,660.3994416680836,UAE,Shoes,5943.594975012752
969742,91257,2023-07-02,2,1648.7428876776598,UAE,T-shirt,3297.4857753553197
560494,71753,2023-09-25,6,1130.1863810165432,USA,Bags,6781.118286099259
249381,94774,2023-10-23,1,928.6358609914289,UK,Shoes,928.6358609914289
231691,21087,2023-11-18,7,606.7738898449122,UK,Shoes,4247.417228914385
576410,40816,2023-04-10,3,631.182919443144,UK,T-shirt,1893.548758329432
543324,33408,2023-03-19,7,797.0477955016397,USA,T-shirt,5579.334568511478
134707,10136,2023-09-29,4,1679.3628844308928,USA,Watch,6717.451537723571
618477,27413,2023-12-05,9,1936.0657532761234,UAE,Bags,17424.591779485112
967969,69500,2023-06-11,5,905.3779936332303,India,Watch,4526.889968166151
821864,94514,2023-02-13,3,817.0380355581356,India,Watch,2451.1141066744067
802974,66358,2023-08-26,8,1700.7740128487326,India,Shoes,13606.19210278986
846788,76197,2023-05-14,6,882.465375240792,UAE,T-shirt,5294.792251444752
453299,42854,2023-07-11,2,1126.4354359765198,India,Shoes,2252.8708719530396
886713,86240,2023-12-22,3,500.33624596755163,USA,Bags,1501.008737902655
258492,26322,2023-10-05,8,1499.8299447691966,USA,Watch,11998.639558153573
574112,16968,2023-01-18,7,1087.3772206280246,UK,Bags,7611.640544396172
270102,37518,2023-01-12,6,1627.6173729686661,India,T-shirt,9765.704237811997
494274,61925,2023-06-29,1,1572.4288235559059,USA,T-shirt,1572.4288235559059
317285,69848,2023-05-03,9,469.25929812655573,UK,Perfume,4223.333683139002
438404,11700,2023-09-03,3,1445.4893235876366,India,Bags,4336.467970762909
259476,33199,2023-08-10,5,1610.1060955051742,India,Shoes,8050.530477525871
858842,54589,2023-02-20,7,724.9091195256703,USA,Bags,5074.363836679692
260928,42115,2023-03-12,7,386.58777015943537,UK,Watch,2706.1143911160475
764560,71934,2023-02-17,3,55.13270338019695,UK,T-shirt,165.39811014059086
950610,64316,2023-01-19,4,929.262123531639,USA,T-shirt,3717.048494126556
396141,15520,2023-09-19,7,737.2438265007411,USA,Bags,5160.706785505187
743561,46455,2023-03-25,8,1132.0741759595473,USA,Bags,9056.593407676379
796595,96465,2023-06-04,2,416.68013054813224,India,Bags,833.3602610962645
348500,51605,2023-02-22,9,1726.3478179496267,USA,Watch,15537.13036154664
790417,24955,2023-04-17,7,552.6226704748138,USA,Watch,3868.358693323697
232311,54049,2023-12-23,8,491.53772992091746,UAE,Shoes,3932.3018393673397
859034,23917,2023-10-31,6,987.3924101444941,USA,Bags,5924.3544608669645
345546,80293,2023-05-15,6,1022.7594963013348,USA,Shoes,6136.556977808009
296733,88581,2023-03-10,9,469.41619613093104,India,Perfume,4224.74576517838
751233,74925,2023-01-11,4,580.1284171155357,UK,Watch,2320.513668462143
669560,80269,2023-05-23,5,380.9252163527276,India,T-shirt,1904.626081763638
975825,40954,2023-07-11,9,1450.9973477301753,UAE,Perfume,13058.976129571578
947644,82617,2023-03-10,1,1551.6736109454598,USA,T-shirt,1551.6736109454598
246470,51458,2023-01-23,4,951.5405700456012,USA,Perfume,3806.1622801824046
744318,99037,2023-06-30,7,1442.4696942357841,USA,Shoes,10097.287859650489
418647,31113,2023-10-20,9,1485.0740142780187,USA,Shoes,13365.66612850217
106570,53939,2023-01-09,6,319.63727897172674,USA,Watch,1917.8236738303603
430929,39345,2023-09-28,8,1934.0471484273467,USA,T-shirt,15472.377187418773
633398,56313,2023-04-03,9,1651.0122968380406,UAE,Perfume,14859.110671542365
599115,79166,2023-01-17,4,448.7427493318558,USA,Bags,1794.9709973274232
179141,57861,2023-06-03,1,413.02181970483696,USA,Bags,413.02181970483696
112115,59298,2023-11-24,8,295.0392338801863,USA,Watch,2360.3138710414905
139062,57221,2023-05-29,2,319.83819695674083,UAE,T-shirt,639.6763939134817
909343,54942,2023-09-24,1,1508.9155081059575,USA,Bags,1508.9155081059575
728349,13453,2023-11-24,7,965.8258010556659,UAE,Watch,6760.780607389662
394700,64935,2023-04-16,9,1576.721636842741,India,Watch,14190.49473158467
490479,53370,2023-02-04,9,1505.1970439829006,USA,T-shirt,13546.773395846105
626257,18328,2023-04-29,3,1228.994791335182,UK,Bags,3686.984374005546
930185,25534,2023-01-14,6,1388.414882828425,UAE,Bags,8330.48929697055
497686,95280,2023-01-14,7,85.79366253932649,India,Bags,600.5556377752854
221863,94925,2023-09-23,9,657.9664112697928,UAE,Shoes,5921.697701428136
896657,46320,2023-05-20,2,1293.7532495558498,UAE,Bags,2587.5064991116997
601076,59170,2023-10-21,8,68.22265929817618,India,Perfume,545.7812743854095
747296,90201,2023-12-30,7,114.30504018105714,USA,Shoes,800.1352812673999
600726,18640,2023-04-29,4,1711.1815658172472,USA,Shoes,6844.726263268989
778556,40049,2023-08-26,2,1383.84848029954,UAE,Shoes,2767.69696059908
730111,15618,2023-02-03,8,567.4709795846707,India,Shoes,4539.767836677365
900101,66053,2023-06-18,5,1391.5275382314826,USA,Watch,6957.637691157413
734965,11920,2023-01-10,6,1595.2905048215634,UAE,Perfume,9571.74302892938
871246,53937,2023-05-02,7,648.2488520646974,UK,T-shirt,4537.741964452882
148320,79724,2023-05-25,1,120.27288612341553,India,Bags,120.27288612341553
596758,22207,2023-08-11,8,1868.9192931410823,UK,Shoes,14951.354345128659
246649,75774,2023-09-14,4,723.1006846764794,UK,T-shirt,2892.4027387059177
225354,42972,2023-09-25,9,257.63943840517743,UAE,Watch,2318.7549456465968
712297,20799,2023-12-25,1,1009.1208992166374,India,T-shirt,1009.1208992166374
881725,81088,2023-01-04,2,1548.5122015450609,USA,Shoes,3097.0244030901217
548625,38916,2023-12-20,6,482.21226350424035,USA,Perfume,2893.273581025442
128625,80463,2023-04-16,1,575.5055977600585,UAE,T-shirt,575.5055977600585
836400,86700,2023-03-26,4,523.2942242572371,USA,Shoes,2093.1768970289486
386233,47158,2023-08-02,8,1983.7624530217724,USA,Shoes,15870.09962417418
136487,94607,2023-05-01,5,434.93728077455796,UK,Bags,2174.68640387279
559054,81696,2023-05-12,9,1172.2644230839417,UK,Bags,10550.379807755475
328071,71510,2023-12-04,6,1854.2660512310804,India,Perfume,11125.596307386482
996880,68692,2023-07-16,1,336.4483093116695,UK,Bags,336.4483093116695
588011,71744,2023-01-19,6,1943.1656858420154,USA,Perfume,11658.994115052092
412282,25810,2023-05-10,6,1897.580607071468,India,Watch,11385.483642428808
273895,15126,2023-01-12,6,1774.915374763612,India,Watch,10649.492248581671
530424,40009,2023-03-22,8,468.38521659350437,UAE,Bags,3747.081732748035
416205,10192,2023-11-26,6,1286.4073592214174,UK,Watch,7718.444155328505
201376,46413,2023-12-20,5,1533.7383722744182,India,T-shirt,7668.691861372091
525106,22816,2023-09-19,2,1972.754459983038,USA,T-shirt,3945.508919966076
965566,49082,2023-05-05,4,401.8264530586723,India,T-shirt,1607.3058122346893
933487,75048,2023-11-03,5,1543.7505040626281,India,Watch,7718.752520313141
867629,60940,2023-09-24,4,710.6622813578703,UAE,T-shirt,2842.649125431481
381652,42130,2023-05-20,2,392.4716078576045,USA,Perfume,784.943215715209
572132,50142,2023-11-25,7,871.6850353670171,USA,Shoes,6101.79524756912
258056,46468,2023-01-02,2,1597.9800286898019,UK,Bags,3195.9600573796038
734457,40698,2023-01-08,1,956.4571172229017,USA,Perfume,956.4571172229017
894557,20655,2023-09-07,5,1098.1700453959445,India,T-shirt,5490.850226979723
660347,57897,2023-05-19,1,1990.5608498902363,USA,Shoes,1990.5608498902363
562785,40075,2023-05-04,1,828.2631341369807,USA,Bags,828.2631341369807
727697,19359,2023-11-05,1,1250.0314716830176,India,Perfume,1250.0314716830176
599653,52056,2023-08-16,6,762.2261931499751,UAE,Bags,4573.35715889985
629992,61831,2023-01-10,9,815.9320103409747,UK,Watch,7343.388093068772
828744,69191,2023-07-31,1,1406.4994692185458,UK,T-shirt,1406.4994692185458
842488,43272,2023-04-22,5,1878.8796033850228,UAE,Perfume,9394.398016925114
735567,24671,2023-01-08,9,1107.5999534600267,India,Perfume,9968.39958114024
